,Gene,Prediction,Measured_growth,Growth_cutoff,Computational_growth,Condition,Dataset
22114,b0002,FP,"0,013333333","0,5","0,8217979336",Glucose,Monk 2015
22115,b0003,TN,0,"0,5",0,Glucose,Monk 2015
22116,b0004,TN,0,"0,5",0,Glucose,Monk 2015
22117,b0007,TP,"1,073333333","0,5","0,8217979336",Glucose,Monk 2015
22118,b0008,TP,"0,985","0,5","0,8217979336",Glucose,Monk 2015
22119,b0009,TP,"1,043333333","0,5","0,8217979336",Glucose,Monk 2015
22120,b0010,TP,"0,966666667","0,5","0,8043091833",Glucose,Monk 2015
22121,b0019,TP,"0,936666667","0,5","0,8217979336",Glucose,Monk 2015
22122,b0025,TN,0,"0,5",0,Glucose,LB_essential
22123,b0029,TN,0,"0,5",0,Glucose,LB_essential
22124,b0030,TP,"0,966666667","0,5","0,8217979336",Glucose,Monk 2015
22125,b0031,TN,0,"0,5",0,Glucose,LB_essential
22126,b0032,FP,0,"0,5","0,8217979336",Glucose,Monk 2015
22127,b0033,FP,0,"0,5","0,8217979336",Glucose,Monk 2015
22128,b0036,TP,"0,976666667","0,5","0,8217979336",Glucose,Monk 2015
22129,b0037,TP,"1,016666667","0,5","0,8217979336",Glucose,Monk 2015
22130,b0038,TP,"1,026666667","0,5","0,8217979336",Glucose,Monk 2015
22131,b0040,TP,"1,06","0,5","0,8217979336",Glucose,Monk 2015
22132,b0046,TP,1,"0,5","0,8217979336",Glucose,Monk 2015
22133,b0047,TP,"1,113333333","0,5","0,8217979336",Glucose,Monk 2015
22134,b0048,FP,0,"0,5","0,8217979336",Glucose,LB_essential
22135,b0049,TP,"0,793333333","0,5","0,8217979336",Glucose,Monk 2015
22136,b0052,TN,"0,136666667","0,5",0,Glucose,Monk 2015
22137,b0054,TN,0,"0,5",0,Glucose,LB_essential
22138,b0066,TP,"1,103333333","0,5","0,8217979336",Glucose,Monk 2015
22139,b0067,TP,"0,97","0,5","0,8217979336",Glucose,Monk 2015
22140,b0068,TP,1,"0,5","0,8217979336",Glucose,Monk 2015
22141,b0070,TP,"1,033333333","0,5","0,8217979336",Glucose,Monk 2015
22142,b0071,TN,0,"0,5",0,Glucose,Monk 2015
22143,b0072,TN,0,"0,5",0,Glucose,Monk 2015
22144,b0073,FP,0,"0,5","0,8217979336",Glucose,Monk 2015
22145,b0074,TN,0,"0,5",0,Glucose,Monk 2015
22146,b0077,TP,"0,78","0,5","0,8217979336",Glucose,Monk 2015
22147,b0078,TP,"0,833333333","0,5","0,8217979336",Glucose,Monk 2015
22148,b0084,TN,0,"0,5",0,Glucose,LB_essential
22149,b0085,TN,0,"0,5",0,Glucose,LB_essential
22150,b0086,TN,0,"0,5",0,Glucose,LB_essential
22151,b0087,TN,0,"0,5",0,Glucose,LB_essential
22152,b0088,TN,0,"0,5",0,Glucose,LB_essential
22153,b0089,TN,0,"0,5",0,Glucose,LB_essential
22154,b0090,TN,0,"0,5",0,Glucose,LB_essential
22155,b0091,TN,0,"0,5",0,Glucose,LB_essential
22156,b0092,TP,"1,101666667","0,5","0,8217979336",Glucose,Monk 2015
22157,b0096,TN,0,"0,5",0,Glucose,LB_essential
22158,b0099,TP,"1,006666667","0,5","0,8217979336",Glucose,Monk 2015
22159,b0103,TN,0,"0,5",0,Glucose,LB_essential
22160,b0104,TP,"0,983333333","0,5","0,8217979336",Glucose,Monk 2015
22161,b0109,TN,0,"0,5",0,Glucose,Monk 2015
22162,b0110,TP,"0,93","0,5","0,8217979336",Glucose,Monk 2015
22163,b0112,TP,"1,026666667","0,5","0,8217979336",Glucose,Monk 2015
22164,b0114,TP,"0,856666667","0,5","0,7886610023",Glucose,Monk 2015
22165,b0115,TP,"0,85","0,5","0,7886610023",Glucose,Monk 2015
22166,b0116,FP,"0,22","0,5","0,7582719433",Glucose,Monk 2015
22167,b0118,TP,"0,743333333","0,5","0,8217979336",Glucose,Monk 2015
22168,b0120,TP,"0,883333333","0,5","0,8217979336",Glucose,Monk 2015
22169,b0121,TP,"0,7","0,5","0,8217979336",Glucose,Monk 2015
22170,b0123,TP,"0,966666667","0,5","0,8217979336",Glucose,Monk 2015
22171,b0124,TP,"1,016666667","0,5","0,8217979336",Glucose,Monk 2015
22172,b0125,TP,"0,97","0,5","0,8217979336",Glucose,Monk 2015
22173,b0126,FP,0,"0,5","0,8217979336",Glucose,LB_essential
22174,b0131,FN,"0,833333333","0,5",0,Glucose,Monk 2015
22175,b0133,FN,"0,533333333","0,5","0,0000000003333544961",Glucose,Monk 2015
22176,b0134,FN,"0,7","0,5",0,Glucose,Monk 2015
22177,b0142,TN,0,"0,5",0,Glucose,LB_essential
22178,b0149,TP,"0,773333333","0,5","0,8217979336",Glucose,Monk 2015
22179,b0150,TP,"1,06","0,5","0,8217979336",Glucose,Monk 2015
22180,b0151,TP,"1,053333333","0,5","0,8217979336",Glucose,Monk 2015
22181,b0152,TP,"1,033333333","0,5","0,8217979336",Glucose,Monk 2015
22182,b0153,TP,"1,013333333","0,5","0,8217979336",Glucose,Monk 2015
22183,b0154,TN,0,"0,5",0,Glucose,LB_essential
22184,b0155,TP,"1,02","0,5","0,8217936734",Glucose,Monk 2015
22185,b0158,TP,"1,083333333","0,5","0,8217979336",Glucose,Monk 2015
22186,b0159,TN,"0,493333333","0,5",0,Glucose,Monk 2015
22187,b0160,TP,1,"0,5","0,8217979336",Glucose,Monk 2015
22188,b0166,TN,0,"0,5",0,Glucose,LB_essential
22189,b0171,FP,0,"0,5","0,8217979336",Glucose,LB_essential
22190,b0173,TN,0,"0,5",0,Glucose,LB_essential
22191,b0174,TN,0,"0,5",0,Glucose,LB_essential
22192,b0175,TN,0,"0,5",0,Glucose,LB_essential
22193,b0179,TN,0,"0,5",0,Glucose,LB_essential
22194,b0180,TN,0,"0,5",0,Glucose,LB_essential
22195,b0181,TN,0,"0,5",0,Glucose,LB_essential
22196,b0182,TN,0,"0,5",0,Glucose,LB_essential
22197,b0185,TN,0,"0,5",0,Glucose,LB_essential
22198,b0186,TP,"1,003333333","0,5","0,8217979336",Glucose,Monk 2015
22199,b0197,TP,"0,973333333","0,5","0,8217979336",Glucose,Monk 2015
22200,b0198,TP,"1,063333333","0,5","0,8217979336",Glucose,Monk 2015
22201,b0199,TP,"1,116666667","0,5","0,8217979336",Glucose,Monk 2015
22202,b0200,TP,"0,96","0,5","0,8217979336",Glucose,Monk 2015
22203,b0207,TP,"0,973333333","0,5","0,8217979336",Glucose,Monk 2015
22204,b0211,TP,"0,966666667","0,5","0,8217979336",Glucose,Monk 2015
22205,b0212,TP,1,"0,5","0,8217979336",Glucose,Monk 2015
22206,b0221,TP,"0,986666667","0,5","0,8075924361",Glucose,Monk 2015
22207,b0222,TP,"0,953333333","0,5","0,8217979336",Glucose,Monk 2015
22208,b0237,TP,"0,956666667","0,5","0,8217979336",Glucose,Monk 2015
22209,b0238,TP,1,"0,5","0,8217979336",Glucose,Monk 2015
22210,b0241,TP,"1,031666667","0,5","0,8217979336",Glucose,Monk 2015
22211,b0242,TN,0,"0,5",0,Glucose,Monk 2015
22212,b0243,TN,0,"0,5",0,Glucose,Monk 2015
22213,b0260,TP,"1,031666667","0,5","0,8217979336",Glucose,Monk 2015
22214,b0261,TP,"1,033333333","0,5","0,8217979336",Glucose,Monk 2015
22215,b0268,TP,"1,023333333","0,5","0,8217979336",Glucose,Monk 2015
22216,b0269,TP,"1,04","0,5","0,8217979336",Glucose,Monk 2015
22217,b0273,TP,"1,015","0,5","0,8217979336",Glucose,Monk 2015
22218,b0306,TP,"1,005","0,5","0,8217979336",Glucose,Monk 2015
22219,b0307,TP,"1,013333333","0,5","0,8217979336",Glucose,Monk 2015
22220,b0308,TP,"1,07","0,5","0,8217979336",Glucose,Monk 2015
22221,b0311,TP,"1,036666667","0,5","0,8217979336",Glucose,Monk 2015
22222,b0312,TP,"1,013333333","0,5","0,8217979336",Glucose,Monk 2015
22223,b0314,TP,"0,95","0,5","0,8217979336",Glucose,Monk 2015
22224,b0315,TP,"0,98","0,5","0,8217979336",Glucose,Monk 2015
22225,b0325,TP,"0,95","0,5","0,8217979336",Glucose,Monk 2015
22226,b0331,TP,"1,01","0,5","0,8217979336",Glucose,Monk 2015
22227,b0333,TP,"1,038333333","0,5","0,8217979336",Glucose,Monk 2015
22228,b0334,TP,"1,04","0,5","0,8217979336",Glucose,Monk 2015
22229,b0335,TP,"0,99","0,5","0,8217979336",Glucose,Monk 2015
22230,b0336,TP,"1,02","0,5","0,8217979336",Glucose,Monk 2015
22231,b0337,TP,"1,02","0,5","0,8217979336",Glucose,Monk 2015
22232,b0339,TP,"1,016666667","0,5","0,8217979336",Glucose,Monk 2015
22233,b0340,TP,"1,08","0,5","0,8217979336",Glucose,Monk 2015
22234,b0341,TP,"1,053333333","0,5","0,8217979336",Glucose,Monk 2015
22235,b0343,TP,"1,003333333","0,5","0,8217979336",Glucose,Monk 2015
22236,b0347,TP,"1,043333333","0,5","0,8217979336",Glucose,Monk 2015
22237,b0348,TP,"0,99","0,5","0,8217979336",Glucose,Monk 2015
22238,b0349,TP,"0,98","0,5","0,8217979336",Glucose,Monk 2015
22239,b0350,TP,"0,986666667","0,5","0,8217979336",Glucose,Monk 2015
22240,b0351,TP,"1,053333333","0,5","0,8217979336",Glucose,Monk 2015
22241,b0352,TP,"0,976666667","0,5","0,8217979336",Glucose,Monk 2015
22242,b0353,TP,"1,053333333","0,5","0,8217979336",Glucose,Monk 2015
22243,b0355,TP,"1,02","0,5","0,8217979336",Glucose,Monk 2015
22244,b0356,TP,"1,006666667","0,5","0,8217979336",Glucose,Monk 2015
22245,b0365,TP,"1,006666667","0,5","0,8217979336",Glucose,Monk 2015
22246,b0366,TP,"0,916666667","0,5","0,8217979336",Glucose,Monk 2015
22247,b0367,TP,"0,963333333","0,5","0,8217979336",Glucose,Monk 2015
22248,b0368,TP,"0,95","0,5","0,8217979379",Glucose,Monk 2015
22249,b0369,TN,0,"0,5",0,Glucose,LB_essential
22250,b0376,TP,"0,986666667","0,5","0,8217979336",Glucose,Monk 2015
22251,b0381,TP,"0,993333333","0,5","0,8217979336",Glucose,Monk 2015
22252,b0383,TP,"1,043333333","0,5","0,8217979336",Glucose,Monk 2015
22253,b0386,TN,0,"0,5",0,Glucose,Monk 2015
22254,b0388,TP,"0,935","0,5","0,8217979336",Glucose,Monk 2015
22255,b0394,TP,"1,086666667","0,5","0,8217979336",Glucose,Monk 2015
22256,b0401,TP,"1,066666667","0,5","0,8217979336",Glucose,Monk 2015
22257,b0402,TP,"0,99","0,5","0,8217979336",Glucose,Monk 2015
22258,b0403,TP,"1,006666667","0,5","0,8217979336",Glucose,Monk 2015
22259,b0404,TP,"1,056666667","0,5","0,8217979336",Glucose,Monk 2015
22260,b0411,TP,"1,046666667","0,5","0,8217979336",Glucose,Monk 2015
22261,b0414,TN,0,"0,5",0,Glucose,LB_essential
22262,b0415,TN,0,"0,5",0,Glucose,LB_essential
22263,b0417,TN,0,"0,5",0,Glucose,LB_essential
22264,b0418,FP,"0,44","0,5","0,8217979336",Glucose,Monk 2015
22265,b0420,TN,0,"0,5",0,Glucose,LB_essential
22266,b0421,TN,0,"0,5",0,Glucose,LB_essential
22267,b0423,TN,"0,436666667","0,5",0,Glucose,Monk 2015
22268,b0425,TP,"1,001666667","0,5","0,8217979336",Glucose,Monk 2015
22269,b0428,TP,"0,936666667","0,5","0,8217979336",Glucose,Monk 2015
22270,b0429,TP,"0,918333333","0,5","0,6624613274",Glucose,Monk 2015
22271,b0430,TP,"0,94","0,5","0,6624613274",Glucose,Monk 2015
22272,b0431,TP,"0,933333333","0,5","0,6624613274",Glucose,Monk 2015
22273,b0432,TP,"0,87","0,5","0,6624613274",Glucose,Monk 2015
22274,b0433,TP,"1,033333333","0,5","0,8217979336",Glucose,Monk 2015
22275,b0444,TP,"0,956666667","0,5","0,8217979336",Glucose,Monk 2015
22276,b0446,TP,"1,011666667","0,5","0,8217979336",Glucose,Monk 2015
22277,b0451,TP,"1,043333333","0,5","0,8217979336",Glucose,Monk 2015
22278,b0452,TP,"0,996666667","0,5","0,8075924361",Glucose,Monk 2015
22279,b0459,TP,"0,98","0,5","0,8217979336",Glucose,Monk 2015
22280,b0462,TP,"0,943333333","0,5","0,8217979336",Glucose,Monk 2015
22281,b0463,TP,"1,04","0,5","0,8217979336",Glucose,Monk 2015
22282,b0465,TP,"0,951666667","0,5","0,8217979336",Glucose,Monk 2015
22283,b0469,TP,"1,013333333","0,5","0,8217979336",Glucose,Monk 2015
22284,b0474,FP,0,"0,5","0,8217935269",Glucose,LB_essential
22285,b0475,FP,0,"0,5","0,8217979336",Glucose,LB_essential
22286,b0477,TP,"0,973333333","0,5","0,8217979336",Glucose,Monk 2015
22287,b0480,TP,"0,96","0,5","0,8217979336",Glucose,Monk 2015
22288,b0484,TP,"0,935","0,5","0,8217979336",Glucose,Monk 2015
22289,b0485,TP,"0,92","0,5","0,8217979336",Glucose,Monk 2015
22290,b0493,TP,"1,003333333","0,5","0,8217979336",Glucose,Monk 2015
22291,b0494,TP,"0,98","0,5","0,8217979336",Glucose,Monk 2015
22292,b0505,TP,"0,986666667","0,5","0,8217979336",Glucose,Monk 2015
22293,b0507,TP,"1,023333333","0,5","0,8217979336",Glucose,Monk 2015
22294,b0508,TP,"0,953333333","0,5","0,8217979336",Glucose,Monk 2015
22295,b0509,TP,"0,946666667","0,5","0,8217979336",Glucose,Monk 2015
22296,b0511,TP,"1,055","0,5","0,8217979336",Glucose,Monk 2015
22297,b0512,TP,"0,913333333","0,5","0,8217979336",Glucose,Monk 2015
22298,b0514,TP,"0,783333333","0,5","0,8217979336",Glucose,Monk 2015
22299,b0515,TP,"0,916666667","0,5","0,8217979336",Glucose,Monk 2015
22300,b0516,TP,"0,893333333","0,5","0,8217979336",Glucose,Monk 2015
22301,b0517,TP,"0,983333333","0,5","0,8217979336",Glucose,Monk 2015
22302,b0521,TP,"0,91","0,5","0,813673382",Glucose,Monk 2015
22303,b0522,TN,0,"0,5",0,Glucose,Monk 2015
22304,b0523,TN,0,"0,5",0,Glucose,Monk 2015
22305,b0524,TN,0,"0,5",0,Glucose,LB_essential
22306,b0529,FP,0,"0,5","0,803243054",Glucose,LB_essential
22307,b0543,TP,"1,05","0,5","0,8217979336",Glucose,Monk 2015
22308,b0572,TP,"0,983333333","0,5","0,8217979336",Glucose,Monk 2015
22309,b0573,TP,"0,98","0,5","0,8217979336",Glucose,Monk 2015
22310,b0574,TP,"0,94","0,5","0,8217979336",Glucose,Monk 2015
22311,b0575,TP,"0,95","0,5","0,8217979336",Glucose,Monk 2015
22312,b0576,TP,"0,983333333","0,5","0,8217979336",Glucose,Monk 2015
22313,b0577,TP,"1,063333333","0,5","0,8217979336",Glucose,Monk 2015
22314,b0578,TP,"0,976666667","0,5","0,8217979336",Glucose,Monk 2015
22315,b0583,FP,0,"0,5","0,8217979336",Glucose,LB_essential
22316,b0584,TP,"0,58","0,5","0,8217979336",Glucose,Monk 2015
22317,b0585,FP,"0,146666667","0,5","0,8217979336",Glucose,Monk 2015
22318,b0586,TP,"0,933333333","0,5","0,8217979336",Glucose,Monk 2015
22319,b0588,FP,"0,106666667","0,5","0,8217979336",Glucose,Monk 2015
22320,b0589,FP,"0,08","0,5","0,8217979336",Glucose,Monk 2015
22321,b0590,FP,"0,006666667","0,5","0,8217979336",Glucose,Monk 2015
22322,b0591,TP,"1,036666667","0,5","0,8217979336",Glucose,Monk 2015
22323,b0592,FP,"0,05","0,5","0,8217979336",Glucose,Monk 2015
22324,b0593,TP,"0,966666667","0,5","0,8217979336",Glucose,Monk 2015
22325,b0594,TP,"0,77","0,5","0,8217979336",Glucose,Monk 2015
22326,b0595,TP,"0,913333333","0,5","0,8217979336",Glucose,Monk 2015
22327,b0596,TP,"0,983333333","0,5","0,8217979336",Glucose,Monk 2015
22328,b0597,TP,"0,98","0,5","0,8217979336",Glucose,Monk 2015
22329,b0604,TP,"1,066666667","0,5","0,8217979336",Glucose,Monk 2015
22330,b0605,TP,"1,01","0,5","0,8217979336",Glucose,Monk 2015
22331,b0606,TP,"1,02","0,5","0,8217979336",Glucose,Monk 2015
22332,b0612,TP,"1,016666667","0,5","0,8217979336",Glucose,Monk 2015
22333,b0613,TP,"0,986666667","0,5","0,8217979336",Glucose,Monk 2015
22334,b0614,TP,"0,986666667","0,5","0,8217979336",Glucose,Monk 2015
22335,b0615,TP,"0,991666667","0,5","0,8217979336",Glucose,Monk 2015
22336,b0616,TP,"1,023333333","0,5","0,8217979336",Glucose,Monk 2015
22337,b0617,TP,"1,006666667","0,5","0,8217979336",Glucose,Monk 2015
22338,b0622,TP,"0,96","0,5","0,8217979336",Glucose,Monk 2015
22339,b0624,TP,"0,94","0,5","0,8217979336",Glucose,Monk 2015
22340,b0628,FP,"0,271666667","0,5","0,8217979336",Glucose,Monk 2015
22341,b0630,TP,"0,78","0,5","0,8217979336",Glucose,Monk 2015
22342,b0632,TP,"0,86","0,5","0,8217979336",Glucose,Monk 2015
22343,b0635,TN,0,"0,5",0,Glucose,LB_essential
22344,b0638,TP,"0,93","0,5","0,8217979336",Glucose,Monk 2015
22345,b0639,TN,0,"0,5","0,000000001276763294",Glucose,LB_essential
22346,b0641,TN,0,"0,5",0,Glucose,LB_essential
22347,b0650,TP,"1,026666667","0,5","0,8217979336",Glucose,Monk 2015
22348,b0651,TP,"0,966666667","0,5","0,8217979336",Glucose,Monk 2015
22349,b0652,TP,"0,986666667","0,5","0,8217979336",Glucose,Monk 2015
22350,b0653,TP,"1,006666667","0,5","0,8217979336",Glucose,Monk 2015
22351,b0654,TP,"1,046666667","0,5","0,8217979336",Glucose,Monk 2015
22352,b0655,TP,"1,12","0,5","0,8217979336",Glucose,Monk 2015
22353,b0657,FP,0,"0,5","0,8217979336",Glucose,LB_essential
22354,b0662,TP,"0,973333333","0,5","0,8217979336",Glucose,Monk 2015
22355,b0674,TP,"0,873333333","0,5","0,8217979336",Glucose,Monk 2015
22356,b0675,TP,"1,04","0,5","0,8217979336",Glucose,Monk 2015
22357,b0677,TP,"0,97","0,5","0,8217979336",Glucose,Monk 2015
22358,b0678,TP,"1,04","0,5","0,8217979336",Glucose,Monk 2015
22359,b0679,TP,"0,966666667","0,5","0,8217979336",Glucose,Monk 2015
22360,b0681,TP,"0,906666667","0,5","0,8217979336",Glucose,Monk 2015
22361,b0684,FP,0,"0,5","0,8217979336",Glucose,LB_essential
22362,b0688,TP,"0,63","0,5","0,8217979336",Glucose,Monk 2015
22363,b0692,TP,"1,003333333","0,5","0,8217979336",Glucose,Monk 2015
22364,b0693,TP,"0,97","0,5","0,8217979336",Glucose,Monk 2015
22365,b0696,TP,"1,076666667","0,5","0,8217979336",Glucose,Monk 2015
22366,b0697,TP,"0,903333333","0,5","0,8217979336",Glucose,Monk 2015
22367,b0698,TP,"0,963333333","0,5","0,8217979336",Glucose,Monk 2015
22368,b0709,TP,"1,043333333","0,5","0,8217979336",Glucose,Monk 2015
22369,b0720,TN,"0,093333333","0,5",0,Glucose,Monk 2015
22370,b0721,TP,"1,033333333","0,5","0,777961444",Glucose,Monk 2015
22371,b0722,TP,"0,946666667","0,5","0,777961444",Glucose,Monk 2015
22372,b0723,TP,"0,993333333","0,5","0,777961444",Glucose,Monk 2015
22373,b0724,TP,"0,783333333","0,5","0,777961444",Glucose,Monk 2015
22374,b0726,TP,"0,763333333","0,5","0,8062260299",Glucose,Monk 2015
22375,b0727,TP,"0,66","0,5","0,8062260299",Glucose,Monk 2015
22376,b0728,TP,"0,963333333","0,5","0,8093395832",Glucose,Monk 2015
22377,b0729,TP,"0,936666667","0,5","0,8093395832",Glucose,Monk 2015
22378,b0731,TP,"1,086666667","0,5","0,8217979336",Glucose,Monk 2015
22379,b0732,TP,"0,926666667","0,5","0,8217979336",Glucose,Monk 2015
22380,b0733,FP,0,"0,5","0,8217979336",Glucose,LB_essential
22381,b0734,TP,"0,953333333","0,5","0,8217979336",Glucose,Monk 2015
22382,b0750,TN,"0,003333333","0,5",0,Glucose,Monk 2015
22383,b0751,TP,"0,96","0,5","0,8217979336",Glucose,Monk 2015
22384,b0752,TP,"0,993333333","0,5","0,8217979336",Glucose,Monk 2015
22385,b0754,TP,"0,993333333","0,5","0,8217979336",Glucose,Monk 2015
22386,b0755,TP,"0,963333333","0,5","0,8217979336",Glucose,Monk 2015
22387,b0756,TP,"1,006666667","0,5","0,8217979336",Glucose,Monk 2015
22388,b0757,TP,"0,983333333","0,5","0,8217979336",Glucose,Monk 2015
22389,b0758,TP,"0,993333333","0,5","0,8217979336",Glucose,Monk 2015
22390,b0759,TP,"1,103333333","0,5","0,8217979336",Glucose,Monk 2015
22391,b0763,TP,"1,03","0,5","0,8217979336",Glucose,Monk 2015
22392,b0764,TP,"1,056666667","0,5","0,8217979336",Glucose,Monk 2015
22393,b0765,TP,"1,04","0,5","0,8217979336",Glucose,Monk 2015
22394,b0766,TP,"0,843333333","0,5","0,8217979336",Glucose,Monk 2015
22395,b0767,TP,"0,816666667","0,5","0,8125879432",Glucose,Monk 2015
22396,b0774,FN,"0,988333333","0,5",0,Glucose,Monk 2015
22397,b0775,TN,"0,293333333","0,5",0,Glucose,Monk 2015
22398,b0776,FN,"0,95","0,5",0,Glucose,Monk 2015
22399,b0777,FN,"1,05","0,5",0,Glucose,Monk 2015
22400,b0778,FN,"0,93","0,5",0,Glucose,Monk 2015
22401,b0781,TP,1,"0,5","0,8217979336",Glucose,Monk 2015
22402,b0783,TP,"1,023333333","0,5","0,8217979336",Glucose,Monk 2015
22403,b0784,TP,"1,02","0,5","0,8217979336",Glucose,Monk 2015
22404,b0785,TP,"0,991666667","0,5","0,8217979336",Glucose,Monk 2015
22405,b0789,TP,"0,953333333","0,5","0,8217979336",Glucose,Monk 2015
22406,b0805,TP,"1,036666667","0,5","0,8217979336",Glucose,Monk 2015
22407,b0808,TP,"0,973333333","0,5","0,8217979336",Glucose,Monk 2015
22408,b0809,TP,"1,023333333","0,5","0,8217979336",Glucose,Monk 2015
22409,b0810,TP,"0,936666667","0,5","0,8217979336",Glucose,Monk 2015
22410,b0811,TP,"0,993333333","0,5","0,8217979336",Glucose,Monk 2015
22411,b0813,TP,"1,07","0,5","0,8217979336",Glucose,Monk 2015
22412,b0819,TP,"0,933333333","0,5","0,8217979336",Glucose,Monk 2015
22413,b0822,TP,"0,913333333","0,5","0,8217979336",Glucose,Monk 2015
22414,b0825,TP,"0,966666667","0,5","0,8217979336",Glucose,Monk 2015
22415,b0826,TP,"1,013333333","0,5","0,8217979336",Glucose,Monk 2015
22416,b0827,TP,"0,976666667","0,5","0,8217979336",Glucose,Monk 2015
22417,b0828,TP,"1,036666667","0,5","0,8217979336",Glucose,Monk 2015
22418,b0829,TP,"1,03","0,5","0,8217979336",Glucose,Monk 2015
22419,b0830,TP,"0,996666667","0,5","0,8217979336",Glucose,Monk 2015
22420,b0831,TP,"1,02","0,5","0,8217979336",Glucose,Monk 2015
22421,b0832,TP,"1,03","0,5","0,8217979336",Glucose,Monk 2015
22422,b0837,TP,"0,886666667","0,5","0,8217979336",Glucose,Monk 2015
22423,b0839,TP,"0,896666667","0,5","0,8217979336",Glucose,Monk 2015
22424,b0841,TP,"1,073333333","0,5","0,8217979336",Glucose,Monk 2015
22425,b0842,TP,"0,936666667","0,5","0,8217979336",Glucose,Monk 2015
22426,b0844,TP,"0,79","0,5","0,8217979336",Glucose,Monk 2015
22427,b0849,TP,"1,005","0,5","0,8217979336",Glucose,Monk 2015
22428,b0854,TP,"1,096666667","0,5","0,8217979336",Glucose,Monk 2015
22429,b0855,TP,"0,996666667","0,5","0,8217979336",Glucose,Monk 2015
22430,b0856,TP,"0,973333333","0,5","0,8217979336",Glucose,Monk 2015
22431,b0857,TP,"0,993333333","0,5","0,8217979336",Glucose,Monk 2015
22432,b0860,TP,"0,97","0,5","0,8217979336",Glucose,Monk 2015
22433,b0861,TP,"0,993333333","0,5","0,8217979336",Glucose,Monk 2015
22434,b0862,TP,"0,926666667","0,5","0,8217979336",Glucose,Monk 2015
22435,b0863,TP,"0,97","0,5","0,8217979336",Glucose,Monk 2015
22436,b0864,TP,"1,033333333","0,5","0,8217979336",Glucose,Monk 2015
22437,b0867,TP,1,"0,5","0,8217979336",Glucose,Monk 2015
22438,b0870,TP,"1,071666667","0,5","0,8217930055",Glucose,Monk 2015
22439,b0871,TP,"1,073333333","0,5","0,8217979336",Glucose,Monk 2015
22440,b0874,TP,"0,956666667","0,5","0,8217979336",Glucose,Monk 2015
22441,b0875,TP,"1,056666667","0,5","0,8217979336",Glucose,Monk 2015
22442,b0886,FP,0,"0,5","0,8217979336",Glucose,LB_essential
22443,b0887,TP,"0,96","0,5","0,8217979336",Glucose,Monk 2015
22444,b0888,TP,1,"0,5","0,8217979336",Glucose,Monk 2015
22445,b0894,TP,"0,966666667","0,5","0,8217979336",Glucose,Monk 2015
22446,b0895,TP,"1,073333333","0,5","0,8217979336",Glucose,Monk 2015
22447,b0896,TP,"0,996666667","0,5","0,8217979336",Glucose,Monk 2015
22448,b0902,TP,"0,92","0,5","0,8217979336",Glucose,Monk 2015
22449,b0903,TP,"0,966666667","0,5","0,8217979336",Glucose,Monk 2015
22450,b0904,TP,"0,953333333","0,5","0,8217979336",Glucose,Monk 2015
22451,b0905,TP,"1,05","0,5","0,8217979336",Glucose,Monk 2015
22452,b0907,FP,0,"0,5","0,7876170472",Glucose,Monk 2015
22453,b0908,TN,0,"0,5",0,Glucose,Monk 2015
22454,b0910,TP,"0,923333333","0,5","0,8184275696",Glucose,Monk 2015
22455,b0914,TN,0,"0,5",0,Glucose,LB_essential
22456,b0915,TN,0,"0,5",0,Glucose,LB_essential
22457,b0918,TN,0,"0,5",0,Glucose,LB_essential
22458,b0925,TP,"0,946666667","0,5","0,8217979336",Glucose,Monk 2015
22459,b0928,TP,"0,863333333","0,5","0,8217979336",Glucose,Monk 2015
22460,b0929,TP,"0,943333333","0,5","0,8217979336",Glucose,Monk 2015
22461,b0931,TP,"1,03","0,5","0,8217979336",Glucose,Monk 2015
22462,b0932,TP,"0,943333333","0,5","0,8217979336",Glucose,Monk 2015
22463,b0933,TP,"0,99","0,5","0,8217979336",Glucose,Monk 2015
22464,b0934,TP,"0,983333333","0,5","0,8217979336",Glucose,Monk 2015
22465,b0935,TP,"0,97","0,5","0,8217979336",Glucose,Monk 2015
22466,b0936,TP,"1,02","0,5","0,8217979336",Glucose,Monk 2015
22467,b0937,TP,"1,023333333","0,5","0,8217979336",Glucose,Monk 2015
22468,b0945,FP,"0,03","0,5","0,8217979341",Glucose,Monk 2015
22469,b0954,FP,0,"0,5","0,8217979336",Glucose,LB_essential
22470,b0957,TP,"0,94","0,5","0,8217979336",Glucose,Monk 2015
22471,b0963,TP,"1,036666667","0,5","0,8217979336",Glucose,Monk 2015
22472,b0968,TP,"0,983333333","0,5","0,8217979336",Glucose,Monk 2015
22473,b0972,TP,"0,926666667","0,5","0,8217979336",Glucose,Monk 2015
22474,b0973,TP,"1,01","0,5","0,8217979336",Glucose,Monk 2015
22475,b0974,TP,"0,95","0,5","0,8217979336",Glucose,Monk 2015
22476,b0978,TP,"0,966666667","0,5","0,8217979336",Glucose,Monk 2015
22477,b0979,TP,"1,02","0,5","0,8217979336",Glucose,Monk 2015
22478,b0980,TP,"0,933333333","0,5","0,8217979336",Glucose,Monk 2015
22479,b0996,TP,"1,02","0,5","0,8217979336",Glucose,Monk 2015
22480,b0997,TP,"0,99","0,5","0,8217979336",Glucose,Monk 2015
22481,b1002,TP,"1,023333333","0,5","0,8217979336",Glucose,Monk 2015
22482,b1004,TP,"0,976666667","0,5","0,8217979336",Glucose,Monk 2015
22483,b1006,TP,"1,076666667","0,5","0,8217979336",Glucose,Monk 2015
22484,b1007,TP,"0,983333333","0,5","0,8217979336",Glucose,Monk 2015
22485,b1008,TP,"1,05","0,5","0,8217979336",Glucose,Monk 2015
22486,b1009,TP,1,"0,5","0,8217979336",Glucose,Monk 2015
22487,b1010,TP,"0,943333333","0,5","0,8217979336",Glucose,Monk 2015
22488,b1011,TP,"1,053333333","0,5","0,8217979336",Glucose,Monk 2015
22489,b1012,TP,"1,058333333","0,5","0,8217979336",Glucose,Monk 2015
22490,b1014,TP,"1,013333333","0,5","0,8217979336",Glucose,Monk 2015
22491,b1015,TP,"0,966666667","0,5","0,8217979336",Glucose,Monk 2015
22492,b1019,TP,"0,96","0,5","0,8217979336",Glucose,Monk 2015
22493,b1021,TP,"0,986666667","0,5","0,8217979336",Glucose,Monk 2015
22494,b1022,TP,"0,913333333","0,5","0,8217979336",Glucose,Monk 2015
22495,b1025,TP,"1,01","0,5","0,8217979336",Glucose,Monk 2015
22496,b1033,TP,"0,956666667","0,5","0,8217979336",Glucose,Monk 2015
22497,b1054,TP,"1,023333333","0,5","0,8217979336",Glucose,Monk 2015
22498,b1059,TP,"1,021666667","0,5","0,8217979336",Glucose,Monk 2015
22499,b1062,TN,0,"0,5",0,Glucose,Monk 2015
22500,b1064,TP,"1,026666667","0,5","0,8217979336",Glucose,Monk 2015
22501,b1069,TN,0,"0,5",0,Glucose,LB_essential
22502,b1090,TP,"1,023333333","0,5","0,8217979336",Glucose,Monk 2015
22503,b1091,FN,"1,113333333","0,5",0,Glucose,Monk 2015
22504,b1092,TN,0,"0,5",0,Glucose,LB_essential
22505,b1093,TN,0,"0,5",0,Glucose,LB_essential
22506,b1094,TN,0,"0,5",0,Glucose,LB_essential
22507,b1095,TP,"1,056666667","0,5","0,8217979336",Glucose,Monk 2015
22508,b1096,TP,"0,763333333","0,5","0,8217979336",Glucose,Monk 2015
22509,b1097,TP,"1,156666667","0,5","0,8217979336",Glucose,Monk 2015
22510,b1098,TN,0,"0,5",0,Glucose,LB_essential
22511,b1101,TP,"0,523333333","0,5","0,8217979336",Glucose,Monk 2015
22512,b1102,TP,"1,013333333","0,5","0,8217979336",Glucose,Monk 2015
22513,b1103,TP,"1,016666667","0,5","0,8217979336",Glucose,Monk 2015
22514,b1106,TP,"0,976666667","0,5","0,8217979336",Glucose,Monk 2015
22515,b1107,TP,"1,04","0,5","0,8217979336",Glucose,Monk 2015
22516,b1109,TP,"0,896666667","0,5","0,8217979336",Glucose,Monk 2015
22517,b1113,TP,"0,996666667","0,5","0,8217979336",Glucose,Monk 2015
22518,b1119,TP,"0,913333333","0,5","0,8217979336",Glucose,Monk 2015
22519,b1123,TP,"1,023333333","0,5","0,8217979336",Glucose,Monk 2015
22520,b1124,TP,"1,02","0,5","0,8217979336",Glucose,Monk 2015
22521,b1125,TP,"1,023333333","0,5","0,8217979336",Glucose,Monk 2015
22522,b1126,TP,"1,013333333","0,5","0,8217979336",Glucose,Monk 2015
22523,b1131,TN,0,"0,5",0,Glucose,LB_essential
22524,b1134,TP,"1,013333333","0,5","0,8217979336",Glucose,Monk 2015
22525,b1136,TN,0,"0,5",0,Glucose,Monk 2015
22526,b1185,TP,"0,86","0,5","0,8217979336",Glucose,Monk 2015
22527,b1186,TP,"0,933333333","0,5","0,8217979336",Glucose,Monk 2015
22528,b1189,TP,"0,96","0,5","0,8217979336",Glucose,Monk 2015
22529,b1190,TP,"0,953333333","0,5","0,8217979336",Glucose,Monk 2015
22530,b1192,TP,"0,503333333","0,5","0,8217979336",Glucose,Monk 2015
22531,b1193,TP,"1,01","0,5","0,8217979336",Glucose,Monk 2015
22532,b1197,TP,"1,033333333","0,5","0,8217979336",Glucose,Monk 2015
22533,b1198,TP,"0,933333333","0,5","0,8217979336",Glucose,Monk 2015
22534,b1199,TP,"1,06","0,5","0,8217979336",Glucose,Monk 2015
22535,b1200,TP,"1,02","0,5","0,8217979336",Glucose,Monk 2015
22536,b1206,TP,"0,93","0,5","0,8217979336",Glucose,Monk 2015
22537,b1207,FP,0,"0,5","0,8217979336",Glucose,LB_essential
22538,b1208,TN,0,"0,5",0,Glucose,LB_essential
22539,b1210,TN,0,"0,5",0,Glucose,LB_essential
22540,b1215,TN,0,"0,5",0,Glucose,LB_essential
22541,b1216,TP,"1,026666667","0,5","0,8217979336",Glucose,Monk 2015
22542,b1223,TP,"0,94","0,5","0,8217979336",Glucose,Monk 2015
22543,b1224,TP,"0,85","0,5","0,8217979336",Glucose,Monk 2015
22544,b1225,TP,"0,973333333","0,5","0,8217979336",Glucose,Monk 2015
22545,b1226,TP,"0,91","0,5","0,8217979336",Glucose,Monk 2015
22546,b1227,TP,"0,993333333","0,5","0,8217979336",Glucose,Monk 2015
22547,b1232,TP,"0,626666667","0,5","0,8217979331",Glucose,Monk 2015
22548,b1236,TP,"0,896666667","0,5","0,8217979336",Glucose,Monk 2015
22549,b1238,TP,"0,976666667","0,5","0,8217979336",Glucose,Monk 2015
22550,b1241,TP,"0,88","0,5","0,8217979336",Glucose,Monk 2015
22551,b1243,TP,"0,976666667","0,5","0,8217979336",Glucose,Monk 2015
22552,b1244,TP,"1,063333333","0,5","0,8217979336",Glucose,Monk 2015
22553,b1245,TP,"0,963333333","0,5","0,8217979336",Glucose,Monk 2015
22554,b1246,TP,"1,026666667","0,5","0,8217979336",Glucose,Monk 2015
22555,b1247,TP,"0,923333333","0,5","0,8217979336",Glucose,Monk 2015
22556,b1249,TP,1,"0,5","0,8217979336",Glucose,Monk 2015
22557,b1250,TP,"1,006666667","0,5","0,8217979336",Glucose,Monk 2015
22558,b1252,FP,"0,25","0,5","0,8217979336",Glucose,Monk 2015
22559,b1260,TN,0,"0,5",0,Glucose,Monk 2015
22560,b1261,TN,0,"0,5",0,Glucose,Monk 2015
22561,b1262,TN,"0,033333333","0,5",0,Glucose,Monk 2015
22562,b1263,TN,"0,196666667","0,5",0,Glucose,Monk 2015
22563,b1264,TN,"0,131666667","0,5",0,Glucose,Monk 2015
22564,b1270,TP,"0,966666667","0,5","0,8217979336",Glucose,Monk 2015
22565,b1276,TP,"1,006666667","0,5","0,8217979336",Glucose,Monk 2015
22566,b1277,TN,0,"0,5",0,Glucose,LB_essential
22567,b1278,TP,"0,8","0,5","0,8217979336",Glucose,Monk 2015
22568,b1281,TN,0,"0,5",0,Glucose,Monk 2015
22569,b1285,TP,"1,098333333","0,5","0,8217979336",Glucose,Monk 2015
22570,b1288,TN,0,"0,5",0,Glucose,LB_essential
22571,b1291,TP,"0,93","0,5","0,8217979336",Glucose,Monk 2015
22572,b1296,TP,"0,966666667","0,5","0,8217979336",Glucose,Monk 2015
22573,b1297,TP,"0,993333333","0,5","0,8217979336",Glucose,Monk 2015
22574,b1298,TP,"0,783333333","0,5","0,8217979336",Glucose,Monk 2015
22575,b1300,TP,"1,05","0,5","0,8217979336",Glucose,Monk 2015
22576,b1301,TP,"1,05","0,5","0,8217979336",Glucose,Monk 2015
22577,b1302,TP,"1,046666667","0,5","0,8217979336",Glucose,Monk 2015
22578,b1308,TP,"1,013333333","0,5","0,8217979336",Glucose,Monk 2015
22579,b1317,TP,"0,98","0,5","0,8217979336",Glucose,Monk 2015
22580,b1319,TP,"0,97","0,5","0,8217979336",Glucose,Monk 2015
22581,b1325,TP,"0,823333333","0,5","0,8217979336",Glucose,Monk 2015
22582,b1326,TP,"1,023333333","0,5","0,8217979336",Glucose,Monk 2015
22583,b1329,TP,"0,986666667","0,5","0,8217979336",Glucose,Monk 2015
22584,b1330,TP,"1,066666667","0,5","0,8217979336",Glucose,Monk 2015
22585,b1336,TP,"1,036666667","0,5","0,8217979336",Glucose,Monk 2015
22586,b1337,TP,"0,956666667","0,5","0,8217979336",Glucose,Monk 2015
22587,b1338,TP,"0,983333333","0,5","0,8217979336",Glucose,Monk 2015
22588,b1341,TP,"1,006666667","0,5","0,8217979336",Glucose,Monk 2015
22589,b1363,TP,"1,023333333","0,5","0,8217979336",Glucose,Monk 2015
22590,b1377,TP,"0,91","0,5","0,8217979336",Glucose,Monk 2015
22591,b1378,TP,"1,013333333","0,5","0,8216199426",Glucose,Monk 2015
22592,b1380,TP,"0,99","0,5","0,8217979336",Glucose,Monk 2015
22593,b1385,TP,"0,95","0,5","0,8217979336",Glucose,Monk 2015
22594,b1386,TP,"0,986666667","0,5","0,8217979336",Glucose,Monk 2015
22595,b1387,TP,"1,073333333","0,5","0,8217979336",Glucose,Monk 2015
22596,b1388,TP,"0,99","0,5","0,8217979336",Glucose,Monk 2015
22597,b1389,TP,"0,933333333","0,5","0,8217979336",Glucose,Monk 2015
22598,b1390,TP,"1,026666667","0,5","0,8217979336",Glucose,Monk 2015
22599,b1391,TP,"1,02","0,5","0,8217979336",Glucose,Monk 2015
22600,b1392,TP,"1,013333333","0,5","0,8217979336",Glucose,Monk 2015
22601,b1393,TP,"1,053333333","0,5","0,8217979336",Glucose,Monk 2015
22602,b1394,TP,"1,001666667","0,5","0,8217979336",Glucose,Monk 2015
22603,b1395,TP,"1,046666667","0,5","0,8217979336",Glucose,Monk 2015
22604,b1396,TP,"0,893333333","0,5","0,8217979336",Glucose,Monk 2015
22605,b1397,TP,"1,023333333","0,5","0,8217979336",Glucose,Monk 2015
22606,b1398,TP,"0,933333333","0,5","0,8217979336",Glucose,Monk 2015
22607,b1400,TP,"1,003333333","0,5","0,8217979336",Glucose,Monk 2015
22608,b1415,TP,"1,103333333","0,5","0,8217979336",Glucose,Monk 2015
22609,b1430,TP,"1,08","0,5","0,8217979336",Glucose,Monk 2015
22610,b1440,TP,"0,95","0,5","0,8217979336",Glucose,Monk 2015
22611,b1441,TP,"1,056666667","0,5","0,8217979336",Glucose,Monk 2015
22612,b1442,TP,"0,966666667","0,5","0,8217979336",Glucose,Monk 2015
22613,b1443,TP,"1,066666667","0,5","0,8217979336",Glucose,Monk 2015
22614,b1444,TP,"0,903333333","0,5","0,8217979336",Glucose,Monk 2015
22615,b1448,TP,"1,073333333","0,5","0,8217979336",Glucose,Monk 2015
22616,b1449,TP,"1,16","0,5","0,8217979336",Glucose,Monk 2015
22617,b1453,TP,"1,043333333","0,5","0,8217979336",Glucose,Monk 2015
22618,b1463,TP,"1,026666667","0,5","0,8217979336",Glucose,Monk 2015
22619,b1465,TP,"0,98","0,5","0,8217979336",Glucose,Monk 2015
22620,b1466,TP,"0,926666667","0,5","0,8217979336",Glucose,Monk 2015
22621,b1467,TP,"1,08","0,5","0,8217979336",Glucose,Monk 2015
22622,b1468,TP,"1,06","0,5","0,8217979336",Glucose,Monk 2015
22623,b1469,TP,"0,956666667","0,5","0,8217979336",Glucose,Monk 2015
22624,b1473,TP,"0,913333333","0,5","0,8217979336",Glucose,Monk 2015
22625,b1474,TP,"1,016666667","0,5","0,8217979336",Glucose,Monk 2015
22626,b1475,TP,"1,04","0,5","0,8217979336",Glucose,Monk 2015
22627,b1476,TP,"0,996666667","0,5","0,8217979336",Glucose,Monk 2015
22628,b1478,TP,"1,013333333","0,5","0,8217979336",Glucose,Monk 2015
22629,b1479,TP,1,"0,5","0,8217979336",Glucose,Monk 2015
22630,b1483,TP,"1,01","0,5","0,8217979336",Glucose,Monk 2015
22631,b1484,TP,"1,086666667","0,5","0,8217979336",Glucose,Monk 2015
22632,b1485,TP,"1,026666667","0,5","0,8217979336",Glucose,Monk 2015
22633,b1486,TP,"0,963333333","0,5","0,8217979336",Glucose,Monk 2015
22634,b1487,TP,"1,006666667","0,5","0,8217979336",Glucose,Monk 2015
22635,b1488,TP,"0,963333333","0,5","0,8217979336",Glucose,Monk 2015
22636,b1489,TP,"1,033333333","0,5","0,8217979336",Glucose,Monk 2015
22637,b1490,TP,"1,01","0,5","0,8217979336",Glucose,Monk 2015
22638,b1492,TP,"1,03","0,5","0,8217979336",Glucose,Monk 2015
22639,b1493,TP,"1,076666667","0,5","0,8217979336",Glucose,Monk 2015
22640,b1511,TP,"0,693333333","0,5","0,8217884",Glucose,Monk 2015
22641,b1513,TP,"1,07","0,5","0,8217979336",Glucose,Monk 2015
22642,b1514,TP,"0,993333333","0,5","0,8217979336",Glucose,Monk 2015
22643,b1515,TP,"0,966666667","0,5","0,8217979336",Glucose,Monk 2015
22644,b1516,TP,"0,983333333","0,5","0,8217979336",Glucose,Monk 2015
22645,b1517,TP,"0,98","0,5","0,8217884",Glucose,Monk 2015
22646,b1518,TP,"0,963333333","0,5","0,8217884",Glucose,Monk 2015
22647,b1519,TP,"0,96","0,5","0,8217979336",Glucose,Monk 2015
22648,b1521,TP,"1,083333333","0,5","0,8217979336",Glucose,Monk 2015
22649,b1524,TP,"1,056666667","0,5","0,8217979336",Glucose,Monk 2015
22650,b1525,TP,"1,056666667","0,5","0,8217979336",Glucose,Monk 2015
22651,b1528,TP,"0,973333333","0,5","0,8217979336",Glucose,Monk 2015
22652,b1533,TP,"0,953333333","0,5","0,8217979336",Glucose,Monk 2015
22653,b1535,TP,"1,003333333","0,5","0,8217979336",Glucose,Monk 2015
22654,b1539,TP,"1,006666667","0,5","0,8217979336",Glucose,Monk 2015
22655,b1584,TP,"1,003333333","0,5","0,8217979336",Glucose,Monk 2015
22656,b1587,TP,"0,95","0,5","0,8217979336",Glucose,Monk 2015
22657,b1588,TP,"0,99","0,5","0,8217979336",Glucose,Monk 2015
22658,b1589,TP,"0,98","0,5","0,8217979336",Glucose,Monk 2015
22659,b1590,TP,"1,006666667","0,5","0,8217979336",Glucose,Monk 2015
22660,b1592,TP,"0,956666667","0,5","0,8217979336",Glucose,Monk 2015
22661,b1599,TP,"0,886666667","0,5","0,8217979336",Glucose,Monk 2015
22662,b1600,TP,"1,12","0,5","0,8217979336",Glucose,Monk 2015
22663,b1601,TP,"0,913333333","0,5","0,8217979336",Glucose,Monk 2015
22664,b1602,TP,"1,103333333","0,5","0,8217979336",Glucose,Monk 2015
22665,b1603,TP,"0,896666667","0,5","0,8217979336",Glucose,Monk 2015
22666,b1605,TP,"1,003333333","0,5","0,8217979336",Glucose,Monk 2015
22667,b1606,TP,"1,033333333","0,5","0,8217979336",Glucose,Monk 2015
22668,b1611,TP,"1,146666667","0,5","0,8217979336",Glucose,Monk 2015
22669,b1612,TP,"0,95","0,5","0,8217979336",Glucose,Monk 2015
22670,b1613,TP,1,"0,5","0,8217979336",Glucose,Monk 2015
22671,b1616,TP,"1,036666667","0,5","0,8217979336",Glucose,Monk 2015
22672,b1617,TP,"0,986666667","0,5","0,8217979336",Glucose,Monk 2015
22673,b1619,TP,"0,976666667","0,5","0,8217979336",Glucose,Monk 2015
22674,b1621,TP,"1,036666667","0,5","0,8217979336",Glucose,Monk 2015
22675,b1622,TP,"1,046666667","0,5","0,8217979336",Glucose,Monk 2015
22676,b1623,TP,"1,03","0,5","0,8217979336",Glucose,Monk 2015
22677,b1634,TP,"0,96","0,5","0,8217979336",Glucose,Monk 2015
22678,b1636,TP,"1,05","0,5","0,8217979336",Glucose,Monk 2015
22679,b1638,FP,"0,011666667","0,5","0,8217979336",Glucose,Monk 2015
22680,b1640,TP,"0,98","0,5","0,8217979336",Glucose,Monk 2015
22681,b1646,TP,"1,02","0,5","0,8217979336",Glucose,Monk 2015
22682,b1651,TP,"1,063333333","0,5","0,8217979336",Glucose,Monk 2015
22683,b1654,TP,"0,953333333","0,5","0,8217979336",Glucose,Monk 2015
22684,b1655,TP,"1,083333333","0,5","0,8217979336",Glucose,Monk 2015
22685,b1656,TP,"1,033333333","0,5","0,8217979336",Glucose,Monk 2015
22686,b1661,TP,"0,976666667","0,5","0,8217979336",Glucose,Monk 2015
22687,b1662,TN,0,"0,5",0,Glucose,LB_essential
22688,b1676,TP,"0,963333333","0,5","0,8217979336",Glucose,Monk 2015
22689,b1677,TP,"0,706666667","0,5","0,8217979336",Glucose,Monk 2015
22690,b1678,TP,"0,846666667","0,5","0,8217979336",Glucose,Monk 2015
22691,b1679,TP,"0,913333333","0,5","0,8217979336",Glucose,Monk 2015
22692,b1680,TP,"1,006666667","0,5","0,8217979336",Glucose,Monk 2015
22693,b1681,TP,"0,95","0,5","0,8217979336",Glucose,Monk 2015
22694,b1682,TP,"1,098333333","0,5","0,8217979336",Glucose,Monk 2015
22695,b1683,TP,"0,913333333","0,5","0,8217979336",Glucose,Monk 2015
22696,b1684,FP,"0,393333333","0,5","0,8217979336",Glucose,Monk 2015
22697,b1686,TP,"0,946666667","0,5","0,8217979336",Glucose,Monk 2015
22698,b1692,TP,"0,91","0,5","0,8217979336",Glucose,Monk 2015
22699,b1693,TN,0,"0,5",0,Glucose,Monk 2015
22700,b1694,TP,"0,983333333","0,5","0,8217979336",Glucose,Monk 2015
22701,b1695,TP,"0,916666667","0,5","0,8075924361",Glucose,Monk 2015
22702,b1701,TP,"1,023333333","0,5","0,8217979336",Glucose,Monk 2015
22703,b1702,TP,"1,026666667","0,5","0,8217979336",Glucose,Monk 2015
22704,b1704,TP,"0,996666667","0,5","0,8217979336",Glucose,Monk 2015
22705,b1709,TP,"0,906666667","0,5","0,8217979336",Glucose,Monk 2015
22706,b1710,TP,"1,053333333","0,5","0,8217979336",Glucose,Monk 2015
22707,b1711,TP,"0,973333333","0,5","0,8217979336",Glucose,Monk 2015
22708,b1723,TP,"1,143333333","0,5","0,8217979336",Glucose,Monk 2015
22709,b1727,TP,"1,02","0,5","0,8217979336",Glucose,Monk 2015
22710,b1732,TP,"0,996666667","0,5","0,8217979336",Glucose,Monk 2015
22711,b1733,TP,"1,05","0,5","0,8217979336",Glucose,Monk 2015
22712,b1734,TP,"1,006666667","0,5","0,8217979336",Glucose,Monk 2015
22713,b1736,TP,"0,986666667","0,5","0,8217979336",Glucose,Monk 2015
22714,b1737,TP,"0,976666667","0,5","0,8217979336",Glucose,Monk 2015
22715,b1738,TP,"0,96","0,5","0,8217979336",Glucose,Monk 2015
22716,b1740,TN,0,"0,5",0,Glucose,LB_essential
22717,b1744,TP,"1,045","0,5","0,8217979336",Glucose,Monk 2015
22718,b1745,TP,"1,033333333","0,5","0,8217979336",Glucose,Monk 2015
22719,b1746,TP,"1,016666667","0,5","0,8217979336",Glucose,Monk 2015
22720,b1747,TP,"1,136666667","0,5","0,8217979336",Glucose,Monk 2015
22721,b1748,TP,"1,056666667","0,5","0,8217979336",Glucose,Monk 2015
22722,b1759,TP,"1,073333333","0,5","0,8217979336",Glucose,Monk 2015
22723,b1761,TP,"1,086666667","0,5","0,8217979336",Glucose,Monk 2015
22724,b1764,TP,"0,996666667","0,5","0,8217979336",Glucose,Monk 2015
22725,b1767,TP,"1,013333333","0,5","0,8217979336",Glucose,Monk 2015
22726,b1768,TP,"0,935","0,5","0,8217979336",Glucose,Monk 2015
22727,b1771,TP,"0,97","0,5","0,8217979336",Glucose,Monk 2015
22728,b1778,TP,"0,976666667","0,5","0,8217979336",Glucose,Monk 2015
22729,b1779,FP,0,"0,5","0,5758353074",Glucose,LB_essential
22730,b1781,TP,"0,946666667","0,5","0,8217979336",Glucose,Monk 2015
22731,b1794,TP,"0,986666667","0,5","0,8217979336",Glucose,Monk 2015
22732,b1798,TP,"0,94","0,5","0,8217979336",Glucose,Monk 2015
22733,b1800,TP,"1,013333333","0,5","0,8217979336",Glucose,Monk 2015
22734,b1801,TP,"1,006666667","0,5","0,8217979336",Glucose,Monk 2015
22735,b1805,TP,"1,016666667","0,5","0,8217979336",Glucose,Monk 2015
22736,b1812,FN,"0,823333333","0,5",0,Glucose,Monk 2015
22737,b1813,TP,"1,08","0,5","0,8217979336",Glucose,Monk 2015
22738,b1814,TP,"0,993333333","0,5","0,8217979336",Glucose,Monk 2015
22739,b1817,TP,"0,926666667","0,5","0,8217979336",Glucose,Monk 2015
22740,b1818,TP,"0,95","0,5","0,8217979336",Glucose,Monk 2015
22741,b1819,TP,"1,013333333","0,5","0,8217979336",Glucose,Monk 2015
22742,b1821,TP,"1,036666667","0,5","0,8217979336",Glucose,Monk 2015
22743,b1832,TP,"0,863333333","0,5","0,8217979336",Glucose,Monk 2015
22744,b1849,TP,"1,096666667","0,5","0,8217979336",Glucose,Monk 2015
22745,b1850,TP,"0,853333333","0,5","0,8217979336",Glucose,Monk 2015
22746,b1851,TP,"1,03","0,5","0,8217979331",Glucose,Monk 2015
22747,b1852,TP,"0,933333333","0,5","0,8125879432",Glucose,Monk 2015
22748,b1854,TP,"1,053333333","0,5","0,8217979336",Glucose,Monk 2015
22749,b1855,TP,"1,003333333","0,5","0,8217979336",Glucose,Monk 2015
22750,b1856,TP,"1,006666667","0,5","0,8217979336",Glucose,Monk 2015
22751,b1857,TP,"0,923333333","0,5","0,8217979336",Glucose,Monk 2015
22752,b1858,TP,"0,963333333","0,5","0,8217979336",Glucose,Monk 2015
22753,b1859,TP,"0,863333333","0,5","0,8217979336",Glucose,Monk 2015
22754,b1865,TP,"0,5","0,5","0,8217979336",Glucose,Monk 2015
22755,b1870,TP,"0,796666667","0,5","0,8217979336",Glucose,Monk 2015
22756,b1872,TP,"0,966666667","0,5","0,8217979336",Glucose,Monk 2015
22757,b1873,TP,"1,003333333","0,5","0,8217979336",Glucose,Monk 2015
22758,b1896,TP,"1,006666667","0,5","0,8217979336",Glucose,Monk 2015
22759,b1897,TP,"0,966666667","0,5","0,8217979336",Glucose,Monk 2015
22760,b1900,TP,"0,98","0,5","0,8217979336",Glucose,Monk 2015
22761,b1901,TP,"1,023333333","0,5","0,8217979336",Glucose,Monk 2015
22762,b1907,TP,"1,04","0,5","0,8217979336",Glucose,Monk 2015
22763,b1912,FP,0,"0,5","0,8217979336",Glucose,LB_essential
22764,b1917,TP,"1,036666667","0,5","0,8217979336",Glucose,Monk 2015
22765,b1918,TP,"1,06","0,5","0,8217979336",Glucose,Monk 2015
22766,b1919,TP,"1,066666667","0,5","0,8217979336",Glucose,Monk 2015
22767,b1920,TP,"1,073333333","0,5","0,8217979336",Glucose,Monk 2015
22768,b1927,TP,"0,976666667","0,5","0,8217979336",Glucose,Monk 2015
22769,b1967,TP,"0,963333333","0,5","0,8217979336",Glucose,Monk 2015
22770,b1981,TP,"0,98","0,5","0,8217979336",Glucose,Monk 2015
22771,b1982,TP,"1,043333333","0,5","0,8217979336",Glucose,Monk 2015
22772,b1985,TP,1,"0,5","0,8217979336",Glucose,Monk 2015
22773,b1990,TP,"1,006666667","0,5","0,8217979336",Glucose,Monk 2015
22774,b1991,TP,"1,03","0,5","0,8217979336",Glucose,Monk 2015
22775,b1992,TP,"1,018333333","0,5","0,8217979336",Glucose,Monk 2015
22776,b1993,TP,"0,976666667","0,5","0,8217979336",Glucose,Monk 2015
22777,b2010,TP,"1,063333333","0,5","0,8217979336",Glucose,Monk 2015
22778,b2014,TP,"1,066666667","0,5","0,8217979336",Glucose,Monk 2015
22779,b2019,TN,0,"0,5",0,Glucose,Monk 2015
22780,b2020,TN,0,"0,5",0,Glucose,Monk 2015
22781,b2021,TN,0,"0,5",0,Glucose,Monk 2015
22782,b2022,TN,0,"0,5",0,Glucose,Monk 2015
22783,b2023,TN,0,"0,5",0,Glucose,Monk 2015
22784,b2024,TN,0,"0,5",0,Glucose,Monk 2015
22785,b2025,TN,0,"0,5",0,Glucose,Monk 2015
22786,b2026,TN,0,"0,5",0,Glucose,Monk 2015
22787,b2027,TP,"1,006666667","0,5","0,8217979336",Glucose,Monk 2015
22788,b2028,TP,"0,746666667","0,5","0,8217979336",Glucose,Monk 2015
22789,b2029,TP,"0,926666667","0,5","0,8125879474",Glucose,Monk 2015
22790,b2032,TP,"0,996666667","0,5","0,8217979336",Glucose,Monk 2015
22791,b2033,TP,"1,003333333","0,5","0,8217979336",Glucose,Monk 2015
22792,b2034,TP,"0,896666667","0,5","0,8217979336",Glucose,Monk 2015
22793,b2035,TP,"1,043333333","0,5","0,8217979336",Glucose,Monk 2015
22794,b2036,TP,"0,963333333","0,5","0,8217979336",Glucose,Monk 2015
22795,b2037,TP,"1,013333333","0,5","0,8217979336",Glucose,Monk 2015
22796,b2038,TP,"0,923333333","0,5","0,8217979336",Glucose,Monk 2015
22797,b2039,TP,"0,976666667","0,5","0,8217979336",Glucose,Monk 2015
22798,b2040,TP,"1,006666667","0,5","0,8217979336",Glucose,Monk 2015
22799,b2041,TP,"1,01","0,5","0,8217979336",Glucose,Monk 2015
22800,b2047,TP,"0,98","0,5","0,8217979336",Glucose,Monk 2015
22801,b2048,TP,"1,016666667","0,5","0,8217979336",Glucose,Monk 2015
22802,b2049,TP,"0,978333333","0,5","0,8217979336",Glucose,Monk 2015
22803,b2051,TP,"0,993333333","0,5","0,8217979336",Glucose,Monk 2015
22804,b2052,TP,"0,97","0,5","0,8217979336",Glucose,Monk 2015
22805,b2053,TP,"0,946666667","0,5","0,8217979336",Glucose,Monk 2015
22806,b2065,TP,"0,923333333","0,5","0,8217979336",Glucose,Monk 2015
22807,b2066,TP,"1,09","0,5","0,8217979336",Glucose,Monk 2015
22808,b2091,TP,"0,886666667","0,5","0,8217979336",Glucose,Monk 2015
22809,b2092,TP,"0,966666667","0,5","0,8217979336",Glucose,Monk 2015
22810,b2093,TP,"0,95","0,5","0,8217979336",Glucose,Monk 2015
22811,b2095,TP,"0,88","0,5","0,8217979336",Glucose,Monk 2015
22812,b2096,TP,"1,07","0,5","0,8217979336",Glucose,Monk 2015
22813,b2097,TP,"0,99","0,5","0,8217979336",Glucose,Monk 2015
22814,b2103,FN,"0,533333333","0,5",0,Glucose,Monk 2015
22815,b2104,TP,"1,043333333","0,5","0,8217979336",Glucose,Monk 2015
22816,b2128,TP,"0,903333333","0,5","0,8217979336",Glucose,Monk 2015
22817,b2129,TP,"0,976666667","0,5","0,8217979336",Glucose,Monk 2015
22818,b2130,TP,"1,01","0,5","0,8217979336",Glucose,Monk 2015
22819,b2131,TP,"0,923333333","0,5","0,8217979336",Glucose,Monk 2015
22820,b2132,TP,"0,926666667","0,5","0,8217979336",Glucose,Monk 2015
22821,b2133,TP,"0,973333333","0,5","0,8217979336",Glucose,Monk 2015
22822,b2134,TP,"1,01","0,5","0,8217979336",Glucose,Monk 2015
22823,b2143,TP,"1,066666667","0,5","0,8217979336",Glucose,Monk 2015
22824,b2146,TP,"0,983333333","0,5","0,8217979336",Glucose,Monk 2015
22825,b2147,TP,"0,963333333","0,5","0,8217979336",Glucose,Monk 2015
22826,b2148,TP,"1,006666667","0,5","0,8217979336",Glucose,Monk 2015
22827,b2149,TP,"0,99","0,5","0,8217979336",Glucose,Monk 2015
22828,b2150,TP,"0,996666667","0,5","0,8217979336",Glucose,Monk 2015
22829,b2153,TN,0,"0,5",0,Glucose,LB_essential
22830,b2154,TP,1,"0,5","0,8217979336",Glucose,Monk 2015
22831,b2155,TP,"0,966666667","0,5","0,8217979336",Glucose,Monk 2015
22832,b2156,TP,"1,033333333","0,5","0,8217979336",Glucose,Monk 2015
22833,b2162,TP,1,"0,5","0,8217979336",Glucose,Monk 2015
22834,b2164,TP,"0,966666667","0,5","0,8217979336",Glucose,Monk 2015
22835,b2165,TP,"1,03","0,5","0,8217979336",Glucose,Monk 2015
22836,b2166,TP,"0,946666667","0,5","0,8217979336",Glucose,Monk 2015
22837,b2167,TP,"0,963333333","0,5","0,8217979336",Glucose,Monk 2015
22838,b2168,TP,"0,91","0,5","0,8217979336",Glucose,Monk 2015
22839,b2169,TP,"0,993333333","0,5","0,8217979336",Glucose,Monk 2015
22840,b2170,TP,"0,976666667","0,5","0,8217979336",Glucose,Monk 2015
22841,b2173,TP,"0,946666667","0,5","0,8217979336",Glucose,Monk 2015
22842,b2174,TP,"1,003333333","0,5","0,8217979336",Glucose,Monk 2015
22843,b2175,TP,"1,113333333","0,5","0,8217979336",Glucose,Monk 2015
22844,b2177,TP,"0,933333333","0,5","0,8217979336",Glucose,Monk 2015
22845,b2178,TP,"0,976666667","0,5","0,8217979336",Glucose,Monk 2015
22846,b2179,TP,"0,973333333","0,5","0,8217979336",Glucose,Monk 2015
22847,b2180,TP,"1,056666667","0,5","0,8217979336",Glucose,Monk 2015
22848,b2197,TP,"1,07","0,5","0,8217979336",Glucose,Monk 2015
22849,b2198,TP,"0,996666667","0,5","0,8217979336",Glucose,Monk 2015
22850,b2199,TP,"1,001666667","0,5","0,8217979336",Glucose,Monk 2015
22851,b2200,TP,"0,95","0,5","0,8217979336",Glucose,Monk 2015
22852,b2201,TP,"0,913333333","0,5","0,8217979336",Glucose,Monk 2015
22853,b2202,TP,"1,043333333","0,5","0,8217979336",Glucose,Monk 2015
22854,b2203,TP,"0,98","0,5","0,8217979336",Glucose,Monk 2015
22855,b2204,TP,"1,12","0,5","0,8217979336",Glucose,Monk 2015
22856,b2205,TP,"0,966666667","0,5","0,8217979336",Glucose,Monk 2015
22857,b2206,TP,"0,996666667","0,5","0,8217979336",Glucose,Monk 2015
22858,b2210,TP,"0,923333333","0,5","0,8217979336",Glucose,Monk 2015
22859,b2215,TP,"0,78","0,5","0,8217979336",Glucose,Monk 2015
22860,b2221,TP,"0,956666667","0,5","0,8217979336",Glucose,Monk 2015
22861,b2222,TP,"1,043333333","0,5","0,8217979336",Glucose,Monk 2015
22862,b2223,TP,"0,923333333","0,5","0,8217979336",Glucose,Monk 2015
22863,b2224,TP,"1,02","0,5","0,8217979336",Glucose,Monk 2015
22864,b2232,FP,"0,406666667","0,5","0,8217979336",Glucose,Monk 2015
22865,b2234,FP,0,"0,5","0,8217979336",Glucose,LB_essential
22866,b2235,FP,0,"0,5","0,8217979336",Glucose,LB_essential
22867,b2239,TP,"0,996666667","0,5","0,8217979336",Glucose,Monk 2015
22868,b2240,TP,"1,006666667","0,5","0,8217979336",Glucose,Monk 2015
22869,b2241,TP,"0,943333333","0,5","0,8217979341",Glucose,Monk 2015
22870,b2242,TP,"0,976666667","0,5","0,8217979341",Glucose,Monk 2015
22871,b2243,TP,"1,04","0,5","0,8217979341",Glucose,Monk 2015
22872,b2245,TP,"1,006666667","0,5","0,8217979336",Glucose,Monk 2015
22873,b2247,TP,"1,036666667","0,5","0,8217979336",Glucose,Monk 2015
22874,b2251,TP,"1,02","0,5","0,8217979336",Glucose,Monk 2015
22875,b2253,TP,"1,02","0,5","0,8217979336",Glucose,Monk 2015
22876,b2254,TP,"1,013333333","0,5","0,8217979336",Glucose,Monk 2015
22877,b2255,TP,"0,993333333","0,5","0,8217979336",Glucose,Monk 2015
22878,b2256,TP,"0,96","0,5","0,8217979336",Glucose,Monk 2015
22879,b2257,TP,"1,013333333","0,5","0,8217979336",Glucose,Monk 2015
22880,b2258,TP,"1,026666667","0,5","0,8217979336",Glucose,Monk 2015
22881,b2260,TP,"1,083333333","0,5","0,8217979336",Glucose,Monk 2015
22882,b2261,TP,"1,013333333","0,5","0,8217979336",Glucose,Monk 2015
22883,b2262,TP,"1,001666667","0,5","0,8217979336",Glucose,Monk 2015
22884,b2263,TP,"1,053333333","0,5","0,8217979336",Glucose,Monk 2015
22885,b2264,TP,"1,05","0,5","0,8217979336",Glucose,Monk 2015
22886,b2265,TP,"0,93","0,5","0,8217979336",Glucose,Monk 2015
22887,b2276,TP,"0,87","0,5","0,6289432195",Glucose,Monk 2015
22888,b2277,TP,"0,966666667","0,5","0,6289432195",Glucose,Monk 2015
22889,b2278,TP,"0,94","0,5","0,6289432195",Glucose,Monk 2015
22890,b2279,TP,"0,903333333","0,5","0,6289432195",Glucose,Monk 2015
22891,b2280,TP,"0,9","0,5","0,6289432195",Glucose,Monk 2015
22892,b2281,TP,"0,98","0,5","0,6289432195",Glucose,Monk 2015
22893,b2282,TP,"0,936666667","0,5","0,6289432195",Glucose,Monk 2015
22894,b2283,TP,"1,086666667","0,5","0,6289432195",Glucose,Monk 2015
22895,b2284,TP,"0,686666667","0,5","0,6289432195",Glucose,Monk 2015
22896,b2285,TP,"1,003333333","0,5","0,6289432195",Glucose,Monk 2015
22897,b2286,TP,"0,966666667","0,5","0,6289432195",Glucose,Monk 2015
22898,b2287,TP,"0,72","0,5","0,6289432195",Glucose,Monk 2015
22899,b2288,TP,"0,9","0,5","0,6289432195",Glucose,Monk 2015
22900,b2290,TP,"0,923333333","0,5","0,8217979336",Glucose,Monk 2015
22901,b2291,TP,"1,006666667","0,5","0,8217979336",Glucose,Monk 2015
22902,b2293,TP,"1,04","0,5","0,8217979336",Glucose,Monk 2015
22903,b2296,TP,"0,796666667","0,5","0,8217979336",Glucose,Monk 2015
22904,b2297,TP,"0,86","0,5","0,8217979336",Glucose,Monk 2015
22905,b2302,TP,"0,93","0,5","0,8217979336",Glucose,Monk 2015
22906,b2303,TP,"1,013333333","0,5","0,8217979336",Glucose,Monk 2015
22907,b2306,TP,"1,03","0,5","0,8217979336",Glucose,Monk 2015
22908,b2307,TP,"0,993333333","0,5","0,8217979336",Glucose,Monk 2015
22909,b2308,TP,"0,94","0,5","0,8217979336",Glucose,Monk 2015
22910,b2309,TP,"1,013333333","0,5","0,8217979336",Glucose,Monk 2015
22911,b2310,TP,"0,96","0,5","0,8217979336",Glucose,Monk 2015
22912,b2312,TN,0,"0,5",0,Glucose,Monk 2015
22913,b2315,TN,0,"0,5","0,0000000001728810281",Glucose,LB_essential
22914,b2316,TN,0,"0,5",0,Glucose,LB_essential
22915,b2320,FP,"0,268333333","0,5","0,8217946482",Glucose,Monk 2015
22916,b2323,TN,0,"0,5",0,Glucose,LB_essential
22917,b2328,TP,"1,056666667","0,5","0,8217979336",Glucose,Monk 2015
22918,b2329,TN,0,"0,5",0,Glucose,Monk 2015
22919,b2341,TP,"0,956666667","0,5","0,8217979336",Glucose,Monk 2015
22920,b2342,TP,"0,956666667","0,5","0,8217979336",Glucose,Monk 2015
22921,b2344,TP,"1,013333333","0,5","0,8217979336",Glucose,Monk 2015
22922,b2361,TP,"0,886666667","0,5","0,8217979336",Glucose,Monk 2015
22923,b2366,TP,"0,95","0,5","0,8217979336",Glucose,Monk 2015
22924,b2371,TP,"1,026666667","0,5","0,8217979336",Glucose,Monk 2015
22925,b2373,TP,"1,01","0,5","0,8217979336",Glucose,Monk 2015
22926,b2374,TP,"1,096666667","0,5","0,8217979336",Glucose,Monk 2015
22927,b2378,TP,"1,006666667","0,5","0,8217979336",Glucose,Monk 2015
22928,b2379,TP,"1,083333333","0,5","0,8217979336",Glucose,Monk 2015
22929,b2388,TP,"0,986666667","0,5","0,8217979336",Glucose,Monk 2015
22930,b2392,TP,"1,053333333","0,5","0,8217979336",Glucose,Monk 2015
22931,b2393,TP,"1,006666667","0,5","0,8217979336",Glucose,Monk 2015
22932,b2400,TN,0,"0,5",0,Glucose,LB_essential
22933,b2406,TP,"1,026666667","0,5","0,8217979336",Glucose,Monk 2015
22934,b2407,TP,"1,013333333","0,5","0,8217979336",Glucose,Monk 2015
22935,b2411,FP,0,"0,5","0,8217979336",Glucose,LB_essential
22936,b2413,TP,"0,9","0,5","0,8205631201",Glucose,Monk 2015
22937,b2414,FP,"0,216666667","0,5","0,8217979336",Glucose,Monk 2015
22938,b2415,FP,"0,393333333","0,5","0,8018784569",Glucose,Monk 2015
22939,b2416,FP,"0,206666667","0,5","0,8018784569",Glucose,Monk 2015
22940,b2417,TP,"0,863333333","0,5","0,8217979336",Glucose,Monk 2015
22941,b2418,TP,"0,993333333","0,5","0,8217979336",Glucose,Monk 2015
22942,b2421,TP,"0,983333333","0,5","0,8217979336",Glucose,Monk 2015
22943,b2422,FP,"0,106666667","0,5","0,8217979336",Glucose,Monk 2015
22944,b2423,FP,"0,093333333","0,5","0,8217979336",Glucose,Monk 2015
22945,b2424,FP,"0,05","0,5","0,8217979336",Glucose,Monk 2015
22946,b2425,FP,"0,173333333","0,5","0,8217979336",Glucose,Monk 2015
22947,b2428,TP,"0,983333333","0,5","0,8217979336",Glucose,Monk 2015
22948,b2429,TP,"0,923333333","0,5","0,8217979336",Glucose,Monk 2015
22949,b2430,TP,"1,106666667","0,5","0,8217979336",Glucose,Monk 2015
22950,b2431,TP,"0,973333333","0,5","0,8217979336",Glucose,Monk 2015
22951,b2435,TP,"1,1","0,5","0,8217979336",Glucose,Monk 2015
22952,b2436,TP,"0,976666667","0,5","0,8217800469",Glucose,Monk 2015
22953,b2440,TP,"1,023333333","0,5","0,8217979336",Glucose,Monk 2015
22954,b2441,TP,"1,006666667","0,5","0,8217979336",Glucose,Monk 2015
22955,b2458,TP,"0,986666667","0,5","0,8217979336",Glucose,Monk 2015
22956,b2463,TP,"1,016666667","0,5","0,8217979379",Glucose,Monk 2015
22957,b2464,TP,"0,903333333","0,5","0,8217979336",Glucose,Monk 2015
22958,b2465,TP,"1,023333333","0,5","0,8217979336",Glucose,Monk 2015
22959,b2467,TP,"1,083333333","0,5","0,8217979336",Glucose,Monk 2015
22960,b2470,TP,"0,976666667","0,5","0,8217979336",Glucose,Monk 2015
22961,b2472,TN,0,"0,5",0,Glucose,LB_essential
22962,b2476,TN,0,"0,5",0,Glucose,Monk 2015
22963,b2478,TN,0,"0,5",0,Glucose,LB_essential
22964,b2480,TP,"1,023333333","0,5","0,8217979336",Glucose,Monk 2015
22965,b2481,TP,"1,02","0,5","0,8217979336",Glucose,Monk 2015
22966,b2482,FP,0,"0,5","0,8217979336",Glucose,Monk 2015
22967,b2483,TP,"1,063333333","0,5","0,8217979336",Glucose,Monk 2015
22968,b2484,TP,"1,04","0,5","0,8217979336",Glucose,Monk 2015
22969,b2485,TP,"0,963333333","0,5","0,8217979336",Glucose,Monk 2015
22970,b2486,TP,"1,04","0,5","0,8217979336",Glucose,Monk 2015
22971,b2487,TP,"1,053333333","0,5","0,8217979336",Glucose,Monk 2015
22972,b2488,TP,"1,046666667","0,5","0,8217979336",Glucose,Monk 2015
22973,b2489,TP,"0,99","0,5","0,8217979336",Glucose,Monk 2015
22974,b2490,TP,"1,053333333","0,5","0,8217979336",Glucose,Monk 2015
22975,b2492,TP,"0,986666667","0,5","0,8217979336",Glucose,Monk 2015
22976,b2497,TP,"0,933333333","0,5","0,8217979336",Glucose,Monk 2015
22977,b2498,TP,"1,09","0,5","0,8217979336",Glucose,Monk 2015
22978,b2499,TN,0,"0,5","0,0000000001309525942",Glucose,Monk 2015
22979,b2500,TP,"1,11","0,5","0,8193315341",Glucose,Monk 2015
22980,b2501,TP,"0,95","0,5","0,8217979336",Glucose,Monk 2015
22981,b2502,TP,"1,02","0,5","0,8217979336",Glucose,Monk 2015
22982,b2503,TP,"0,986666667","0,5","0,8217979336",Glucose,Monk 2015
22983,b2507,TN,0,"0,5",0,Glucose,Monk 2015
22984,b2508,FP,0,"0,5","0,81862496",Glucose,Monk 2015
22985,b2515,TN,0,"0,5",0,Glucose,LB_essential
22986,b2518,TP,"0,936666667","0,5","0,8217979336",Glucose,Monk 2015
22987,b2519,TP,"1,006666667","0,5","0,8217979336",Glucose,Monk 2015
22988,b2521,TP,"1,073333333","0,5","0,8217979336",Glucose,Monk 2015
22989,b2523,TP,"0,98","0,5","0,8217979336",Glucose,Monk 2015
22990,b2528,TP,"0,966666667","0,5","0,8217943454",Glucose,Monk 2015
22991,b2529,TP,"0,866666667","0,5","0,8217943454",Glucose,Monk 2015
22992,b2530,TN,0,"0,5",0,Glucose,Monk 2015
22993,b2533,FP,0,"0,5","0,8217979336",Glucose,LB_essential
22994,b2536,TP,"1,03","0,5","0,8217979336",Glucose,Monk 2015
22995,b2538,TP,"0,946666667","0,5","0,8217979336",Glucose,Monk 2015
22996,b2539,TP,"1,013333333","0,5","0,8217979336",Glucose,Monk 2015
22997,b2540,TP,"1,08","0,5","0,8217979336",Glucose,Monk 2015
22998,b2541,TP,"0,99","0,5","0,8217979336",Glucose,Monk 2015
22999,b2542,TP,"0,996666667","0,5","0,8217979336",Glucose,Monk 2015
23000,b2551,FP,"0,37","0,5","0,7995714951",Glucose,Monk 2015
23001,b2552,TP,"1,006666667","0,5","0,8217979336",Glucose,Monk 2015
23002,b2557,TN,0,"0,5",0,Glucose,Monk 2015
23003,b2558,TP,"0,97","0,5","0,8217979336",Glucose,Monk 2015
23004,b2563,FP,0,"0,5","0,8217979336",Glucose,LB_essential
23005,b2564,TN,"0,163333333","0,5",0,Glucose,Monk 2015
23006,b2574,TN,"0,023333333","0,5","0,0000000006533726439",Glucose,Monk 2015
23007,b2578,TP,"1,06","0,5","0,8217979336",Glucose,Monk 2015
23008,b2579,TP,"0,986666667","0,5","0,8217979336",Glucose,Monk 2015
23009,b2582,TP,"0,883333333","0,5","0,8217979336",Glucose,Monk 2015
23010,b2585,TN,0,"0,5",0,Glucose,LB_essential
23011,b2587,TP,"1,093333333","0,5","0,8217979336",Glucose,Monk 2015
23012,b2599,TN,0,"0,5",0,Glucose,Monk 2015
23013,b2600,TN,0,"0,5",0,Glucose,Monk 2015
23014,b2601,TP,"1,041666667","0,5","0,8217979336",Glucose,Monk 2015
23015,b2615,TN,0,"0,5",0,Glucose,LB_essential
23016,b2660,TP,"1,016666667","0,5","0,8217979336",Glucose,Monk 2015
23017,b2661,TP,1,"0,5","0,8217979336",Glucose,Monk 2015
23018,b2662,TP,"1,111666667","0,5","0,8217979336",Glucose,Monk 2015
23019,b2663,TP,"0,96","0,5","0,8217979336",Glucose,Monk 2015
23020,b2668,TP,"0,983333333","0,5","0,8217979336",Glucose,Monk 2015
23021,b2670,TP,"0,936666667","0,5","0,8217979336",Glucose,Monk 2015
23022,b2675,TP,"0,996666667","0,5","0,8217979336",Glucose,Monk 2015
23023,b2676,TP,"0,983333333","0,5","0,8217979336",Glucose,Monk 2015
23024,b2677,TP,"0,973333333","0,5","0,8217979336",Glucose,Monk 2015
23025,b2678,TP,"0,93","0,5","0,8217979336",Glucose,Monk 2015
23026,b2679,TP,"1,1","0,5","0,8217979336",Glucose,Monk 2015
23027,b2682,TP,"1,03","0,5","0,8217979336",Glucose,Monk 2015
23028,b2683,TP,"1,03","0,5","0,8217979336",Glucose,Monk 2015
23029,b2687,FN,"0,941666667","0,5",0,Glucose,Monk 2015
23030,b2688,TP,"0,961666667","0,5","0,8217979336",Glucose,Monk 2015
23031,b2690,TP,"0,966666667","0,5","0,8217979336",Glucose,Monk 2015
23032,b2700,TP,"1,006666667","0,5","0,8217979336",Glucose,Monk 2015
23033,b2701,TP,"1,02","0,5","0,8217979336",Glucose,Monk 2015
23034,b2702,TP,"1,05","0,5","0,8217979336",Glucose,Monk 2015
23035,b2703,TP,"1,106666667","0,5","0,8217979336",Glucose,Monk 2015
23036,b2704,TP,"1,093333333","0,5","0,8217979336",Glucose,Monk 2015
23037,b2705,TP,"1,016666667","0,5","0,8217979336",Glucose,Monk 2015
23038,b2708,TP,"0,986666667","0,5","0,8217979336",Glucose,Monk 2015
23039,b2710,TP,"0,963333333","0,5","0,8217979336",Glucose,Monk 2015
23040,b2711,TP,"0,996666667","0,5","0,8217979336",Glucose,Monk 2015
23041,b2715,TP,"1,035","0,5","0,8217979336",Glucose,Monk 2015
23042,b2716,TP,"1,006666667","0,5","0,8217979336",Glucose,Monk 2015
23043,b2719,TP,1,"0,5","0,8217979336",Glucose,Monk 2015
23044,b2720,TP,"0,996666667","0,5","0,8217979336",Glucose,Monk 2015
23045,b2721,TP,"0,986666667","0,5","0,8217979336",Glucose,Monk 2015
23046,b2722,TP,"0,986666667","0,5","0,8217979336",Glucose,Monk 2015
23047,b2723,TP,"0,976666667","0,5","0,8217979336",Glucose,Monk 2015
23048,b2724,TP,"1,08","0,5","0,8217979336",Glucose,Monk 2015
23049,b2727,TP,"1,016666667","0,5","0,8217979336",Glucose,Monk 2015
23050,b2738,TP,"1,04","0,5","0,8217979336",Glucose,Monk 2015
23051,b2744,TP,"1,008333333","0,5","0,8217979336",Glucose,Monk 2015
23052,b2746,TN,0,"0,5",0,Glucose,LB_essential
23053,b2747,TN,0,"0,5",0,Glucose,LB_essential
23054,b2750,TN,0,"0,5",0,Glucose,Monk 2015
23055,b2751,TN,"0,016666667","0,5",0,Glucose,Monk 2015
23056,b2752,TN,"0,023333333","0,5",0,Glucose,Monk 2015
23057,b2762,TN,"0,04","0,5",0,Glucose,Monk 2015
23058,b2763,TN,0,"0,5",0,Glucose,Monk 2015
23059,b2764,TN,0,"0,5",0,Glucose,Monk 2015
23060,b2765,TP,"0,983333333","0,5","0,8217979336",Glucose,Monk 2015
23061,b2779,FP,0,"0,5","0,6654618649",Glucose,LB_essential
23062,b2780,TN,0,"0,5",0,Glucose,LB_essential
23063,b2781,TP,"1,056666667","0,5","0,8217979336",Glucose,Monk 2015
23064,b2784,TP,"0,983333333","0,5","0,8217979336",Glucose,Monk 2015
23065,b2787,TP,"1,103333333","0,5","0,8217979336",Glucose,Monk 2015
23066,b2788,TP,"0,99","0,5","0,8217979336",Glucose,Monk 2015
23067,b2789,TP,"1,026666667","0,5","0,8217979336",Glucose,Monk 2015
23068,b2794,TP,"0,97","0,5","0,8217979336",Glucose,Monk 2015
23069,b2796,TP,"0,913333333","0,5","0,8217979336",Glucose,Monk 2015
23070,b2797,TP,"1,093333333","0,5","0,8217979336",Glucose,Monk 2015
23071,b2799,TP,"0,953333333","0,5","0,8217979336",Glucose,Monk 2015
23072,b2800,TP,"1,003333333","0,5","0,8217979336",Glucose,Monk 2015
23073,b2801,TP,"0,823333333","0,5","0,8217979336",Glucose,Monk 2015
23074,b2802,TP,"0,946666667","0,5","0,8217979336",Glucose,Monk 2015
23075,b2803,TP,1,"0,5","0,8217979336",Glucose,Monk 2015
23076,b2810,TP,"0,943333333","0,5","0,8217979336",Glucose,Monk 2015
23077,b2813,TP,"1,083333333","0,5","0,8217979336",Glucose,Monk 2015
23078,b2817,TP,"1,043333333","0,5","0,8217979336",Glucose,Monk 2015
23079,b2818,TN,0,"0,5",0,Glucose,Monk 2015
23080,b2835,TP,"1,036666667","0,5","0,8217979336",Glucose,Monk 2015
23081,b2836,TP,"1,01","0,5","0,8075924361",Glucose,Monk 2015
23082,b2838,TN,0,"0,5",0,Glucose,Monk 2015
23083,b2841,TP,"1,003333333","0,5","0,8217979336",Glucose,Monk 2015
23084,b2842,TP,"1,003333333","0,5","0,8217979336",Glucose,Monk 2015
23085,b2843,TP,"1,033333333","0,5","0,8217979336",Glucose,Monk 2015
23086,b2866,TP,"0,953333333","0,5","0,8217979336",Glucose,Monk 2015
23087,b2867,TP,"0,993333333","0,5","0,8217979336",Glucose,Monk 2015
23088,b2868,TP,"0,99","0,5","0,8217979336",Glucose,Monk 2015
23089,b2871,TP,"0,946666667","0,5","0,8217979336",Glucose,Monk 2015
23090,b2873,TP,"1,03","0,5","0,8217979336",Glucose,Monk 2015
23091,b2877,TP,"1,04","0,5","0,8217979336",Glucose,Monk 2015
23092,b2882,TP,"1,003333333","0,5","0,8217979336",Glucose,Monk 2015
23093,b2883,TP,"1,06","0,5","0,8217979336",Glucose,Monk 2015
23094,b2888,TP,"1,003333333","0,5","0,8217979336",Glucose,Monk 2015
23095,b2889,TP,"1,056666667","0,5","0,8217979336",Glucose,Monk 2015
23096,b2893,TP,"1,006666667","0,5","0,8217979336",Glucose,Monk 2015
23097,b2895,TP,"1,043333333","0,5","0,8217979336",Glucose,Monk 2015
23098,b2901,TP,"1,01","0,5","0,8217979336",Glucose,Monk 2015
23099,b2903,TP,"0,983333333","0,5","0,8215318054",Glucose,Monk 2015
23100,b2904,TP,"0,943333333","0,5","0,8215318054",Glucose,Monk 2015
23101,b2905,TP,"0,876666667","0,5","0,8215318054",Glucose,Monk 2015
23102,b2906,TP,"0,973333333","0,5","0,8217979336",Glucose,Monk 2015
23103,b2907,TP,"0,743333333","0,5","0,8217979336",Glucose,Monk 2015
23104,b2912,TP,"0,88","0,5","0,8217979336",Glucose,Monk 2015
23105,b2913,FP,0,"0,5","0,7876193944",Glucose,Monk 2015
23106,b2914,TP,"0,716666667","0,5","0,8217979336",Glucose,Monk 2015
23107,b2917,TP,"1,076666667","0,5","0,8217979336",Glucose,Monk 2015
23108,b2918,TP,"0,93","0,5","0,8217979336",Glucose,Monk 2015
23109,b2919,TP,"0,991666667","0,5","0,8217979336",Glucose,Monk 2015
23110,b2920,TP,"1,016666667","0,5","0,8217979336",Glucose,Monk 2015
23111,b2923,TP,"1,083333333","0,5","0,8217979336",Glucose,Monk 2015
23112,b2924,TP,"0,893333333","0,5","0,8217979336",Glucose,Monk 2015
23113,b2925,FP,0,"0,5","0,8217979336",Glucose,LB_essential
23114,b2926,FP,0,"0,5","0,5758353074",Glucose,LB_essential
23115,b2927,TP,"1,066666667","0,5","0,8217979336",Glucose,Monk 2015
23116,b2930,TP,"1,036666667","0,5","0,8217979336",Glucose,Monk 2015
23117,b2933,TP,"1,033333333","0,5","0,8217979336",Glucose,Monk 2015
23118,b2934,TP,"0,993333333","0,5","0,8217979336",Glucose,Monk 2015
23119,b2935,TP,"1,016666667","0,5","0,8217979336",Glucose,Monk 2015
23120,b2937,TP,"1,046666667","0,5","0,8217979336",Glucose,Monk 2015
23121,b2938,TP,"1,025","0,5","0,8217979336",Glucose,Monk 2015
23122,b2942,TN,0,"0,5",0,Glucose,LB_essential
23123,b2943,TP,"1,04","0,5","0,8217979336",Glucose,Monk 2015
23124,b2947,TP,"0,958333333","0,5","0,8217979336",Glucose,Monk 2015
23125,b2954,TP,"0,873333333","0,5","0,8217979336",Glucose,Monk 2015
23126,b2957,TP,"0,836666667","0,5","0,8217979336",Glucose,Monk 2015
23127,b2963,TP,1,"0,5","0,8217979336",Glucose,Monk 2015
23128,b2964,TP,"1,07","0,5","0,8217979336",Glucose,Monk 2015
23129,b2965,TP,"1,12","0,5","0,8217979336",Glucose,Monk 2015
23130,b2975,TP,"0,996666667","0,5","0,8217979336",Glucose,Monk 2015
23131,b2976,TP,"0,943333333","0,5","0,8217979336",Glucose,Monk 2015
23132,b2979,TP,"0,97","0,5","0,8217979341",Glucose,Monk 2015
23133,b2987,TP,"0,986666667","0,5","0,8217979336",Glucose,Monk 2015
23134,b2988,TP,"1,023333333","0,5","0,8217979336",Glucose,Monk 2015
23135,b2989,TP,"1,036666667","0,5","0,8217979336",Glucose,Monk 2015
23136,b2994,TP,"0,966666667","0,5","0,8217979336",Glucose,Monk 2015
23137,b2995,TP,"1,016666667","0,5","0,8217979336",Glucose,Monk 2015
23138,b2996,TP,"0,99","0,5","0,8217979336",Glucose,Monk 2015
23139,b2997,TP,"0,996666667","0,5","0,8217979336",Glucose,Monk 2015
23140,b3001,TP,"0,97","0,5","0,8217979336",Glucose,Monk 2015
23141,b3003,TP,"1,043333333","0,5","0,8217979336",Glucose,Monk 2015
23142,b3005,TP,"0,69","0,5","0,8217979336",Glucose,Monk 2015
23143,b3006,TP,"0,85","0,5","0,8217979336",Glucose,Monk 2015
23144,b3008,FP,"0,133333333","0,5","0,8217979336",Glucose,Monk 2015
23145,b3011,TP,"1,02","0,5","0,8217979336",Glucose,Monk 2015
23146,b3012,TP,"1,093333333","0,5","0,8217979336",Glucose,Monk 2015
23147,b3018,TN,0,"0,5",0,Glucose,LB_essential
23148,b3028,TP,"1,073333333","0,5","0,8217979336",Glucose,Monk 2015
23149,b3029,TP,"0,97","0,5","0,8217979336",Glucose,Monk 2015
23150,b3032,TP,"0,97","0,5","0,8217979336",Glucose,Monk 2015
23151,b3034,TP,"0,93","0,5","0,8217979336",Glucose,Monk 2015
23152,b3035,TP,"0,81","0,5","0,8217979336",Glucose,Monk 2015
23153,b3040,FN,"1,056666667","0,5",0,Glucose,Monk 2015
23154,b3041,TN,0,"0,5",0,Glucose,LB_essential
23155,b3052,TP,"0,94","0,5","0,8217979336",Glucose,Monk 2015
23156,b3057,TP,"1,03","0,5","0,8217979336",Glucose,Monk 2015
23157,b3058,TN,0,"0,5",0,Glucose,Monk 2015
23158,b3059,TP,"0,976666667","0,5","0,8217979336",Glucose,Monk 2015
23159,b3061,TP,"0,996666667","0,5","0,8217979336",Glucose,Monk 2015
23160,b3062,TP,"0,96","0,5","0,8217979336",Glucose,Monk 2015
23161,b3063,TP,"0,953333333","0,5","0,8217979336",Glucose,Monk 2015
23162,b3070,TP,"0,983333333","0,5","0,8217979336",Glucose,Monk 2015
23163,b3073,TP,"1,05","0,5","0,8217979336",Glucose,Monk 2015
23164,b3089,TP,"1,04","0,5","0,8217979336",Glucose,Monk 2015
23165,b3091,TP,"1,063333333","0,5","0,8217979336",Glucose,Monk 2015
23166,b3092,TP,"0,98","0,5","0,8217979336",Glucose,Monk 2015
23167,b3093,TP,"1,063333333","0,5","0,8217979336",Glucose,Monk 2015
23168,b3114,TP,"1,043333333","0,5","0,8217979336",Glucose,Monk 2015
23169,b3115,TP,"1,023333333","0,5","0,8217979336",Glucose,Monk 2015
23170,b3116,TP,"1,01","0,5","0,8217979336",Glucose,Monk 2015
23171,b3117,TP,"1,023333333","0,5","0,8217979336",Glucose,Monk 2015
23172,b3124,TP,"1,056666667","0,5","0,8217979336",Glucose,Monk 2015
23173,b3125,TP,"1,05","0,5","0,8217979336",Glucose,Monk 2015
23174,b3126,TP,"1,056666667","0,5","0,8217979336",Glucose,Monk 2015
23175,b3127,TP,"0,813333333","0,5","0,8217979336",Glucose,Monk 2015
23176,b3128,TP,"1,03","0,5","0,8217979336",Glucose,Monk 2015
23177,b3132,TP,"1,066666667","0,5","0,8217979336",Glucose,Monk 2015
23178,b3137,TP,"1,07","0,5","0,8217979336",Glucose,Monk 2015
23179,b3161,TP,"1,053333333","0,5","0,8217979336",Glucose,Monk 2015
23180,b3172,TN,0,"0,5",0,Glucose,Monk 2015
23181,b3176,TN,0,"0,5",0,Glucose,LB_essential
23182,b3177,TN,0,"0,5",0,Glucose,LB_essential
23183,b3182,TP,"1,003333333","0,5","0,8217979336",Glucose,Monk 2015
23184,b3187,TN,0,"0,5",0,Glucose,LB_essential
23185,b3189,TN,0,"0,5",0,Glucose,LB_essential
23186,b3196,FN,"0,996666667","0,5",0,Glucose,Monk 2015
23187,b3197,TP,"0,94","0,5","0,8217979336",Glucose,Monk 2015
23188,b3198,FN,"1,026666667","0,5",0,Glucose,Monk 2015
23189,b3199,TN,0,"0,5",0,Glucose,LB_essential
23190,b3200,TN,0,"0,5",0,Glucose,LB_essential
23191,b3201,TN,0,"0,5",0,Glucose,LB_essential
23192,b3208,TP,"0,933333333","0,5","0,8217979336",Glucose,Monk 2015
23193,b3212,TP,"1,06","0,5","0,8217979336",Glucose,Monk 2015
23194,b3213,TP,"1,053333333","0,5","0,8217979336",Glucose,Monk 2015
23195,b3222,TP,"1,003333333","0,5","0,8217979336",Glucose,Monk 2015
23196,b3223,TP,"0,966666667","0,5","0,8217979336",Glucose,Monk 2015
23197,b3224,TP,"1,066666667","0,5","0,8217979336",Glucose,Monk 2015
23198,b3225,TP,"1,043333333","0,5","0,8217979336",Glucose,Monk 2015
23199,b3236,TP,"0,92","0,5","0,7915641532",Glucose,Monk 2015
23200,b3240,TP,"1,046666667","0,5","0,8217979336",Glucose,Monk 2015
23201,b3241,TP,"1,043333333","0,5","0,8217979336",Glucose,Monk 2015
23202,b3248,TP,"1,083333333","0,5","0,8217979336",Glucose,Monk 2015
23203,b3253,TP,"0,94","0,5","0,8217979336",Glucose,Monk 2015
23204,b3255,TN,0,"0,5",0,Glucose,LB_essential
23205,b3256,TN,0,"0,5",0,Glucose,LB_essential
23206,b3258,TP,"1,01","0,5","0,8217979336",Glucose,Monk 2015
23207,b3265,TP,"0,993333333","0,5","0,8217979336",Glucose,Monk 2015
23208,b3266,TP,"1,003333333","0,5","0,8217979336",Glucose,Monk 2015
23209,b3281,FP,0,"0,5","0,8217979336",Glucose,Monk 2015
23210,b3290,TP,"0,716666667","0,5","0,8217979336",Glucose,Monk 2015
23211,b3291,TP,"1,05","0,5","0,8217979336",Glucose,Monk 2015
23212,b3336,TP,"1,093333333","0,5","0,8217979336",Glucose,Monk 2015
23213,b3350,TP,"0,953333333","0,5","0,8217979336",Glucose,Monk 2015
23214,b3359,TP,"0,755","0,5","0,8217979336",Glucose,Monk 2015
23215,b3360,FN,"0,825","0,5",0,Glucose,Monk 2015
23216,b3365,TP,"1,05","0,5","0,8217979336",Glucose,Monk 2015
23217,b3366,TP,"0,973333333","0,5","0,8217979336",Glucose,Monk 2015
23218,b3367,TP,"1,05","0,5","0,8217979336",Glucose,Monk 2015
23219,b3368,TN,0,"0,5",0,Glucose,Monk 2015
23220,b3370,TP,"0,976666667","0,5","0,8217979336",Glucose,Monk 2015
23221,b3371,TP,"0,99","0,5","0,8217979336",Glucose,Monk 2015
23222,b3374,TP,"1,023333333","0,5","0,8217979336",Glucose,Monk 2015
23223,b3385,TP,"0,996666667","0,5","0,8217979336",Glucose,Monk 2015
23224,b3386,TP,"0,523333333","0,5","0,8157034226",Glucose,Monk 2015
23225,b3389,TN,0,"0,5",0,Glucose,Monk 2015
23226,b3390,TP,"0,71","0,5","0,8217979336",Glucose,Monk 2015
23227,b3396,TP,"0,996666667","0,5","0,8217979336",Glucose,Monk 2015
23228,b3397,TP,"0,93","0,5","0,8217979336",Glucose,Monk 2015
23229,b3399,TP,"1,003333333","0,5","0,8217979336",Glucose,Monk 2015
23230,b3403,TP,"1,013333333","0,5","0,8217979336",Glucose,Monk 2015
23231,b3409,TP,"1,053333333","0,5","0,8217979336",Glucose,Monk 2015
23232,b3412,FN,"1,016666667","0,5",0,Glucose,Monk 2015
23233,b3415,TP,1,"0,5","0,8217979336",Glucose,Monk 2015
23234,b3416,TP,"0,983333333","0,5","0,8217979336",Glucose,Monk 2015
23235,b3417,TP,"1,016666667","0,5","0,8217979336",Glucose,Monk 2015
23236,b3425,TP,"1,01","0,5","0,8217979336",Glucose,Monk 2015
23237,b3426,TP,"0,986666667","0,5","0,8217979341",Glucose,Monk 2015
23238,b3428,TP,1,"0,5","0,8217979336",Glucose,Monk 2015
23239,b3429,TP,"0,716666667","0,5","0,8217979336",Glucose,Monk 2015
23240,b3430,TP,"0,78","0,5","0,8217979336",Glucose,Monk 2015
23241,b3431,TP,"1,076666667","0,5","0,8217979336",Glucose,Monk 2015
23242,b3432,TP,"0,88","0,5","0,8217979336",Glucose,Monk 2015
23243,b3433,TN,0,"0,5",0,Glucose,LB_essential
23244,b3437,TP,"0,953333333","0,5","0,8217979336",Glucose,Monk 2015
23245,b3447,TP,"0,99","0,5","0,8217979336",Glucose,Monk 2015
23246,b3449,TP,"0,996666667","0,5","0,8217979336",Glucose,Monk 2015
23247,b3450,TP,"1,036666667","0,5","0,8217979336",Glucose,Monk 2015
23248,b3451,TP,"1,103333333","0,5","0,8217979336",Glucose,Monk 2015
23249,b3452,TP,"0,936666667","0,5","0,8217979336",Glucose,Monk 2015
23250,b3453,TP,"1,123333333","0,5","0,8217979336",Glucose,Monk 2015
23251,b3454,TP,"1,02","0,5","0,8217979336",Glucose,Monk 2015
23252,b3455,TP,"0,966666667","0,5","0,8217979336",Glucose,Monk 2015
23253,b3456,TP,"1,016666667","0,5","0,8217979336",Glucose,Monk 2015
23254,b3457,TP,1,"0,5","0,8217979336",Glucose,Monk 2015
23255,b3458,TP,"0,973333333","0,5","0,8217979336",Glucose,Monk 2015
23256,b3460,TP,"0,99","0,5","0,8217979336",Glucose,Monk 2015
23257,b3469,TP,"0,94","0,5","0,8217979336",Glucose,Monk 2015
23258,b3475,TP,"1,04","0,5","0,8217979336",Glucose,Monk 2015
23259,b3476,TP,"0,983333333","0,5","0,8217979336",Glucose,Monk 2015
23260,b3477,TP,"1,016666667","0,5","0,8217979336",Glucose,Monk 2015
23261,b3478,TP,"1,056666667","0,5","0,8217979336",Glucose,Monk 2015
23262,b3479,TP,"1,03","0,5","0,8217979336",Glucose,Monk 2015
23263,b3480,TP,"0,906666667","0,5","0,8217979336",Glucose,Monk 2015
23264,b3488,TP,"1,026666667","0,5","0,8217979336",Glucose,Monk 2015
23265,b3493,TP,"0,91","0,5","0,8217979336",Glucose,Monk 2015
23266,b3496,TP,"0,99","0,5","0,8217979336",Glucose,Monk 2015
23267,b3500,TP,"0,96","0,5","0,8217979341",Glucose,Monk 2015
23268,b3502,TP,"1,02","0,5","0,8217979336",Glucose,Monk 2015
23269,b3503,TP,"1,086666667","0,5","0,8217979336",Glucose,Monk 2015
23270,b3517,TP,"1,08","0,5","0,8217979336",Glucose,Monk 2015
23271,b3519,TP,"1,08","0,5","0,8217979336",Glucose,Monk 2015
23272,b3525,TP,"0,976666667","0,5","0,8217979336",Glucose,Monk 2015
23273,b3526,TP,"1,023333333","0,5","0,8217979336",Glucose,Monk 2015
23274,b3528,TP,"1,04","0,5","0,8217979336",Glucose,Monk 2015
23275,b3540,TP,"1,006666667","0,5","0,8217979336",Glucose,Monk 2015
23276,b3541,TP,"1,1","0,5","0,8217979336",Glucose,Monk 2015
23277,b3542,TP,"1,03","0,5","0,8217979336",Glucose,Monk 2015
23278,b3543,TP,"1,016666667","0,5","0,8217979336",Glucose,Monk 2015
23279,b3544,TP,"1,02","0,5","0,8217979336",Glucose,Monk 2015
23280,b3546,TP,"1,043333333","0,5","0,8217979336",Glucose,Monk 2015
23281,b3551,TP,"1,056666667","0,5","0,8217979336",Glucose,Monk 2015
23282,b3553,TP,"0,986666667","0,5","0,8217979336",Glucose,Monk 2015
23283,b3564,TP,"1,073333333","0,5","0,8217979336",Glucose,Monk 2015
23284,b3565,TP,"1,03","0,5","0,8217979336",Glucose,Monk 2015
23285,b3566,TP,"1,06","0,5","0,8217979336",Glucose,Monk 2015
23286,b3567,TP,"0,993333333","0,5","0,8217979336",Glucose,Monk 2015
23287,b3568,TP,"0,896666667","0,5","0,8217979336",Glucose,Monk 2015
23288,b3571,TP,"1,053333333","0,5","0,8217979336",Glucose,Monk 2015
23289,b3572,TP,"1,023333333","0,5","0,8217979336",Glucose,Monk 2015
23290,b3575,TP,"1,163333333","0,5","0,8217979336",Glucose,Monk 2015
23291,b3577,TP,"0,98","0,5","0,8217979336",Glucose,Monk 2015
23292,b3578,TP,"1,023333333","0,5","0,8217979336",Glucose,Monk 2015
23293,b3579,TP,"1,033333333","0,5","0,8217979336",Glucose,Monk 2015
23294,b3580,TP,"1,076666667","0,5","0,8217979336",Glucose,Monk 2015
23295,b3581,TP,"1,006666667","0,5","0,8217979336",Glucose,Monk 2015
23296,b3582,TP,"1,113333333","0,5","0,8217979336",Glucose,Monk 2015
23297,b3583,TP,"0,98","0,5","0,8217979336",Glucose,Monk 2015
23298,b3588,TP,"0,998333333","0,5","0,8217979336",Glucose,Monk 2015
23299,b3589,TP,"1,033333333","0,5","0,8217979336",Glucose,Monk 2015
23300,b3590,TP,"1,05","0,5","0,8217979336",Glucose,Monk 2015
23301,b3599,TP,"1,003333333","0,5","0,8217979336",Glucose,Monk 2015
23302,b3600,TP,"0,996666667","0,5","0,8217979336",Glucose,Monk 2015
23303,b3603,TP,"0,926666667","0,5","0,8217979336",Glucose,Monk 2015
23304,b3605,TP,"1,09","0,5","0,8217979336",Glucose,Monk 2015
23305,b3607,TN,0,"0,5",0,Glucose,Monk 2015
23306,b3608,FP,0,"0,5","0,8211157429",Glucose,LB_essential
23307,b3610,TP,"0,983333333","0,5","0,8217979336",Glucose,Monk 2015
23308,b3612,TP,"0,973333333","0,5","0,8217979336",Glucose,Monk 2015
23309,b3614,TP,"1,016666667","0,5","0,8217979336",Glucose,Monk 2015
23310,b3616,TP,"1,05","0,5","0,8217979336",Glucose,Monk 2015
23311,b3617,TP,"0,92","0,5","0,8217979336",Glucose,Monk 2015
23312,b3619,TP,"0,923333333","0,5","0,8217979336",Glucose,Monk 2015
23313,b3620,TP,"0,926666667","0,5","0,8217979336",Glucose,Monk 2015
23314,b3621,TP,"1,073333333","0,5","0,8217979336",Glucose,Monk 2015
23315,b3622,TP,"1,016666667","0,5","0,8217979336",Glucose,Monk 2015
23316,b3623,FP,0,"0,5","0,8217979336",Glucose,LB_essential
23317,b3624,TP,"1,023333333","0,5","0,8217979336",Glucose,Monk 2015
23318,b3625,TP,"1,07","0,5","0,8217979336",Glucose,Monk 2015
23319,b3626,TP,"1,015","0,5","0,8217979336",Glucose,Monk 2015
23320,b3627,TP,"1,13","0,5","0,8217979336",Glucose,Monk 2015
23321,b3628,TP,"1,046666667","0,5","0,8217979336",Glucose,Monk 2015
23322,b3629,TP,"1,103333333","0,5","0,8217979336",Glucose,Monk 2015
23323,b3630,TP,"0,966666667","0,5","0,8217979336",Glucose,Monk 2015
23324,b3631,TP,"0,99","0,5","0,8217979336",Glucose,Monk 2015
23325,b3632,TP,"1,066666667","0,5","0,8217979336",Glucose,Monk 2015
23326,b3633,TN,0,"0,5",0,Glucose,LB_essential
23327,b3634,TN,0,"0,5",0,Glucose,LB_essential
23328,b3639,TN,0,"0,5","-0,000000001056174747",Glucose,LB_essential
23329,b3640,FP,0,"0,5","0,8217979336",Glucose,LB_essential
23330,b3642,TN,0,"0,5",0,Glucose,Monk 2015
23331,b3648,TN,0,"0,5",0,Glucose,LB_essential
23332,b3650,FP,0,"0,5","0,8217979336",Glucose,LB_essential
23333,b3653,TP,"1,02","0,5","0,8217979336",Glucose,Monk 2015
23334,b3654,TP,"0,963333333","0,5","0,8217979336",Glucose,Monk 2015
23335,b3656,TP,"1,11","0,5","0,8217979336",Glucose,Monk 2015
23336,b3662,TP,1,"0,5","0,8217979336",Glucose,Monk 2015
23337,b3664,TP,"1,076666667","0,5","0,8217979336",Glucose,Monk 2015
23338,b3665,TP,"1,066666667","0,5","0,8217979336",Glucose,Monk 2015
23339,b3666,TP,"1,036666667","0,5","0,8217979336",Glucose,Monk 2015
23340,b3670,TP,"1,035","0,5","0,8217979336",Glucose,Monk 2015
23341,b3671,TP,"1,006666667","0,5","0,8217979336",Glucose,Monk 2015
23342,b3679,TP,"0,983333333","0,5","0,8217979336",Glucose,Monk 2015
23343,b3691,TP,"0,983333333","0,5","0,8217979336",Glucose,Monk 2015
23344,b3693,TP,"1,04","0,5","0,8217979336",Glucose,Monk 2015
23345,b3697,TP,"0,993333333","0,5","0,8217979336",Glucose,Monk 2015
23346,b3708,TP,"1,1","0,5","0,821332943",Glucose,Monk 2015
23347,b3713,TP,"0,916666667","0,5","0,8217979336",Glucose,Monk 2015
23348,b3714,TP,"0,903333333","0,5","0,8217979336",Glucose,Monk 2015
23349,b3715,TP,"1,026666667","0,5","0,8217979336",Glucose,Monk 2015
23350,b3721,TP,"1,05","0,5","0,8217979336",Glucose,Monk 2015
23351,b3722,TP,"0,996666667","0,5","0,8217979336",Glucose,Monk 2015
23352,b3725,TP,"1,03","0,5","0,8217979336",Glucose,Monk 2015
23353,b3726,TP,"0,96","0,5","0,8217979336",Glucose,Monk 2015
23354,b3727,TP,"0,996666667","0,5","0,8217979336",Glucose,Monk 2015
23355,b3728,TP,"0,946666667","0,5","0,8217979336",Glucose,Monk 2015
23356,b3729,TN,0,"0,5",0,Glucose,LB_essential
23357,b3730,TN,0,"0,5",0,Glucose,LB_essential
23358,b3731,TP,"0,53","0,5","0,2849329233",Glucose,Monk 2015
23359,b3732,TP,"0,755","0,5","0,2849329233",Glucose,Monk 2015
23360,b3733,TP,"0,66","0,5","0,2849329233",Glucose,Monk 2015
23361,b3734,TP,"0,81","0,5","0,2849329233",Glucose,Monk 2015
23362,b3735,TP,"0,786666667","0,5","0,2849329233",Glucose,Monk 2015
23363,b3736,TP,"0,79","0,5","0,2849329233",Glucose,Monk 2015
23364,b3737,TP,"0,806666667","0,5","0,2849329233",Glucose,Monk 2015
23365,b3738,TP,"0,785","0,5","0,2849329233",Glucose,Monk 2015
23366,b3739,TP,"0,99","0,5","0,8217979336",Glucose,Monk 2015
23367,b3744,TP,"0,983333333","0,5","0,8217979336",Glucose,Monk 2015
23368,b3747,TP,"1,08","0,5","0,8217979336",Glucose,Monk 2015
23369,b3748,TP,"1,03","0,5","0,8217979336",Glucose,Monk 2015
23370,b3749,TP,"0,951666667","0,5","0,8217979336",Glucose,Monk 2015
23371,b3750,TP,"1,033333333","0,5","0,8217979336",Glucose,Monk 2015
23372,b3751,TP,"1,03","0,5","0,8217979336",Glucose,Monk 2015
23373,b3752,TP,"0,856666667","0,5","0,8217979336",Glucose,Monk 2015
23374,b3770,TN,0,"0,5",0,Glucose,Monk 2015
23375,b3771,TN,0,"0,5",0,Glucose,Monk 2015
23376,b3772,FP,"0,003333333","0,5","0,8217979336",Glucose,Monk 2015
23377,b3774,TN,0,"0,5",0,Glucose,Monk 2015
23378,b3779,TP,"0,97","0,5","0,8217979336",Glucose,Monk 2015
23379,b3781,TP,"0,896666667","0,5","0,8217979336",Glucose,Monk 2015
23380,b3784,TP,"1,043333333","0,5","0,8217979336",Glucose,Monk 2015
23381,b3785,TP,"0,92","0,5","0,8217979336",Glucose,Monk 2015
23382,b3786,TP,"0,983333333","0,5","0,8217979336",Glucose,Monk 2015
23383,b3787,TP,"0,876666667","0,5","0,8217979336",Glucose,Monk 2015
23384,b3788,TP,"1,013333333","0,5","0,8217979336",Glucose,Monk 2015
23385,b3789,TP,"0,95","0,5","0,8217979336",Glucose,Monk 2015
23386,b3790,TP,"0,896666667","0,5","0,8217979336",Glucose,Monk 2015
23387,b3791,TP,"1,043333333","0,5","0,8217979336",Glucose,Monk 2015
23388,b3792,TP,"1,036666667","0,5","0,8217979336",Glucose,Monk 2015
23389,b3793,FP,0,"0,5","0,8217979336",Glucose,LB_essential
23390,b3794,TP,1,"0,5","0,8217979336",Glucose,Monk 2015
23391,b3804,TN,0,"0,5","-0,000000000294712548",Glucose,LB_essential
23392,b3805,TN,0,"0,5",0,Glucose,LB_essential
23393,b3806,TP,"0,69","0,5","0,8217979336",Glucose,Monk 2015
23394,b3809,TN,0,"0,5",0,Glucose,Monk 2015
23395,b3812,TP,"1,026666667","0,5","0,8217979336",Glucose,Monk 2015
23396,b3816,TP,"0,983333333","0,5","0,8217958187",Glucose,Monk 2015
23397,b3821,TP,"1,033333333","0,5","0,8217979336",Glucose,Monk 2015
23398,b3823,TP,"1,063333333","0,5","0,8217979336",Glucose,Monk 2015
23399,b3824,TP,"1,008333333","0,5","0,8217979336",Glucose,Monk 2015
23400,b3825,TP,"1,08","0,5","0,8217979336",Glucose,Monk 2015
23401,b3826,TP,"0,963333333","0,5","0,8217979336",Glucose,Monk 2015
23402,b3829,FP,0,"0,5","0,8217979336",Glucose,Monk 2015
23403,b3831,TP,"1,013333333","0,5","0,8217979336",Glucose,Monk 2015
23404,b3833,TP,"0,626666667","0,5","0,8217979336",Glucose,Monk 2015
23405,b3843,TN,0,"0,5",0,Glucose,LB_essential
23406,b3844,TP,"0,796666667","0,5","0,8182351915",Glucose,Monk 2015
23407,b3845,TP,"0,966666667","0,5","0,8217979336",Glucose,Monk 2015
23408,b3846,TP,"0,983333333","0,5","0,8169023245",Glucose,Monk 2015
23409,b3849,TP,"0,946666667","0,5","0,8217979336",Glucose,Monk 2015
23410,b3850,TN,0,"0,5",0,Glucose,LB_essential
23411,b3856,TP,"1,066666667","0,5","0,8217979336",Glucose,Monk 2015
23412,b3857,TP,"0,915","0,5","0,8217979336",Glucose,Monk 2015
23413,b3860,TP,"0,73","0,5","0,8217979336",Glucose,Monk 2015
23414,b3867,TP,"0,936666667","0,5","0,8217979336",Glucose,Monk 2015
23415,b3870,TN,0,"0,5",0,Glucose,Monk 2015
23416,b3875,TP,"0,98","0,5","0,8217979336",Glucose,Monk 2015
23417,b3876,TP,"1,036666667","0,5","0,8217979336",Glucose,Monk 2015
23418,b3877,TP,"1,013333333","0,5","0,8217979336",Glucose,Monk 2015
23419,b3878,TP,"0,956666667","0,5","0,8217979336",Glucose,Monk 2015
23420,b3880,TP,"1,023333333","0,5","0,8217979336",Glucose,Monk 2015
23421,b3881,TP,"1,003333333","0,5","0,8217979336",Glucose,Monk 2015
23422,b3882,TP,"1,016666667","0,5","0,8217979336",Glucose,Monk 2015
23423,b3883,TP,"1,04","0,5","0,8217979336",Glucose,Monk 2015
23424,b3885,TP,"1,043333333","0,5","0,8217979336",Glucose,Monk 2015
23425,b3892,TP,"1,066666667","0,5","0,8217979336",Glucose,Monk 2015
23426,b3893,TP,"1,063333333","0,5","0,8217979336",Glucose,Monk 2015
23427,b3894,TP,"1,07","0,5","0,8217979336",Glucose,Monk 2015
23428,b3907,TP,"1,068333333","0,5","0,8217979336",Glucose,Monk 2015
23429,b3908,TP,"1,026666667","0,5","0,8217979336",Glucose,Monk 2015
23430,b3909,TP,"0,853333333","0,5","0,8217979336",Glucose,Monk 2015
23431,b3915,TP,1,"0,5","0,8217979336",Glucose,Monk 2015
23432,b3916,FP,"0,316666667","0,5","0,8217979341",Glucose,Monk 2015
23433,b3917,TP,"1,11","0,5","0,8217979336",Glucose,Monk 2015
23434,b3918,TP,"1,023333333","0,5","0,8217979336",Glucose,Monk 2015
23435,b3919,FP,0,"0,5","0,7507843865",Glucose,Monk 2015
23436,b3924,TP,"1,02","0,5","0,8217979336",Glucose,Monk 2015
23437,b3925,TP,"0,82","0,5","0,8217979336",Glucose,Monk 2015
23438,b3926,TP,"1,046666667","0,5","0,8217979336",Glucose,Monk 2015
23439,b3927,TP,"1,036666667","0,5","0,8217979336",Glucose,Monk 2015
23440,b3930,TP,"0,993333333","0,5","0,8217979336",Glucose,Monk 2015
23441,b3939,TN,0,"0,5",0,Glucose,Monk 2015
23442,b3940,FP,"0,19","0,5","0,8217979336",Glucose,Monk 2015
23443,b3941,TN,0,"0,5",0,Glucose,Monk 2015
23444,b3942,TP,"1,086666667","0,5","0,8217979336",Glucose,Monk 2015
23445,b3943,TP,"0,976666667","0,5","0,8217979336",Glucose,Monk 2015
23446,b3945,TP,"1,03","0,5","0,8217979336",Glucose,Monk 2015
23447,b3946,TP,"1,036666667","0,5","0,8217979336",Glucose,Monk 2015
23448,b3951,TP,"1,036666667","0,5","0,8217979336",Glucose,Monk 2015
23449,b3952,TP,"0,74","0,5","0,8217979336",Glucose,Monk 2015
23450,b3956,FP,"0,183333333","0,5","0,8169805187",Glucose,Monk 2015
23451,b3957,TN,0,"0,5",0,Glucose,Monk 2015
23452,b3958,TN,0,"0,5",0,Glucose,Monk 2015
23453,b3959,TN,0,"0,5",0,Glucose,Monk 2015
23454,b3960,TN,0,"0,5",0,Glucose,Monk 2015
23455,b3962,TP,"1,076666667","0,5","0,8217979336",Glucose,Monk 2015
23456,b3966,FP,0,"0,5","0,8217979336",Glucose,LB_essential
23457,b3967,TN,0,"0,5",0,Glucose,LB_essential
23458,b3972,TN,0,"0,5",0,Glucose,LB_essential
23459,b3974,TN,0,"0,5",0,Glucose,LB_essential
23460,b3990,TN,"0,405","0,5",0,Glucose,Monk 2015
23461,b3991,TN,"0,496666667","0,5",0,Glucose,Monk 2015
23462,b3992,TN,"0,376666667","0,5",0,Glucose,Monk 2015
23463,b3993,TN,"0,405","0,5",0,Glucose,Monk 2015
23464,b3994,TN,"0,46","0,5",0,Glucose,Monk 2015
23465,b3996,TP,"1,113333333","0,5","0,8217979336",Glucose,Monk 2015
23466,b3997,TN,0,"0,5","-0,000000000417963194",Glucose,LB_essential
23467,b4005,TN,0,"0,5",0,Glucose,Monk 2015
23468,b4006,TN,0,"0,5",0,Glucose,Monk 2015
23469,b4013,TN,0,"0,5",0,Glucose,Monk 2015
23470,b4014,TP,"1,06","0,5","0,8217979336",Glucose,Monk 2015
23471,b4015,TP,"0,86","0,5","0,8217979336",Glucose,Monk 2015
23472,b4019,TP,"0,963333333","0,5","0,8217979336",Glucose,Monk 2015
23473,b4020,TP,"1,066666667","0,5","0,8217979336",Glucose,Monk 2015
23474,b4024,TP,"1,07","0,5","0,8217979336",Glucose,Monk 2015
23475,b4025,TP,"0,5","0,5","0,8073695553",Glucose,Monk 2015
23476,b4031,TP,"1,063333333","0,5","0,8217979336",Glucose,Monk 2015
23477,b4032,TP,"0,986666667","0,5","0,8217979336",Glucose,Monk 2015
23478,b4033,TP,"1,07","0,5","0,8217979336",Glucose,Monk 2015
23479,b4034,TP,"0,94","0,5","0,8217979336",Glucose,Monk 2015
23480,b4035,TP,"0,953333333","0,5","0,8217979336",Glucose,Monk 2015
23481,b4036,TP,"1,01","0,5","0,8217979336",Glucose,Monk 2015
23482,b4039,TP,"0,99","0,5","0,8217979336",Glucose,Monk 2015
23483,b4040,TN,0,"0,5",0,Glucose,LB_essential
23484,b4041,FP,0,"0,5","0,8217979336",Glucose,LB_essential
23485,b4042,TP,"0,98","0,5","0,8217979336",Glucose,Monk 2015
23486,b4053,TP,"1,028333333","0,5","0,8217979336",Glucose,Monk 2015
23487,b4054,TP,"1,008333333","0,5","0,8217979336",Glucose,Monk 2015
23488,b4055,TP,"1,05","0,5","0,8217979336",Glucose,Monk 2015
23489,b4064,TP,"1,013333333","0,5","0,8217979336",Glucose,Monk 2015
23490,b4067,TP,"1,05","0,5","0,8217979336",Glucose,Monk 2015
23491,b4069,TP,"0,95","0,5","0,8217979336",Glucose,Monk 2015
23492,b4070,TP,"1,033333333","0,5","0,8217979336",Glucose,Monk 2015
23493,b4071,TP,"0,976666667","0,5","0,8217979336",Glucose,Monk 2015
23494,b4072,TP,"1,023333333","0,5","0,8217979336",Glucose,Monk 2015
23495,b4073,TP,"0,95","0,5","0,8217979336",Glucose,Monk 2015
23496,b4077,TP,"1,063333333","0,5","0,8217979336",Glucose,Monk 2015
23497,b4079,TP,"1,04","0,5","0,8217979336",Glucose,Monk 2015
23498,b4084,FP,0,"0,5","0,8217979336",Glucose,LB_essential
23499,b4085,TP,"1,023333333","0,5","0,8217979336",Glucose,Monk 2015
23500,b4086,TP,"1,02","0,5","0,8217979336",Glucose,Monk 2015
23501,b4087,TP,"1,01","0,5","0,8217979336",Glucose,Monk 2015
23502,b4088,TP,"1,03","0,5","0,8217979336",Glucose,Monk 2015
23503,b4090,TP,"0,953333333","0,5","0,8217979336",Glucose,Monk 2015
23504,b4092,TP,"0,966666667","0,5","0,8217979336",Glucose,Monk 2015
23505,b4093,TP,"1,096666667","0,5","0,8217979336",Glucose,Monk 2015
23506,b4094,TP,"0,98","0,5","0,8217979336",Glucose,Monk 2015
23507,b4095,TP,"0,993333333","0,5","0,8217979336",Glucose,Monk 2015
23508,b4096,TP,"1,01","0,5","0,8217979336",Glucose,Monk 2015
23509,b4098,TP,"1,01","0,5","0,8217979336",Glucose,Monk 2015
23510,b4099,TP,"1,03","0,5","0,8217979336",Glucose,Monk 2015
23511,b4100,TP,"1,033333333","0,5","0,8217979336",Glucose,Monk 2015
23512,b4101,TP,"1,013333333","0,5","0,8217979336",Glucose,Monk 2015
23513,b4104,TP,"1,091666667","0,5","0,8217979336",Glucose,Monk 2015
23514,b4105,TP,"0,993333333","0,5","0,8217979336",Glucose,Monk 2015
23515,b4106,TP,"1,026666667","0,5","0,8217979336",Glucose,Monk 2015
23516,b4111,TP,"1,023333333","0,5","0,8217979336",Glucose,Monk 2015
23517,b4115,TP,"1,02","0,5","0,8217979336",Glucose,Monk 2015
23518,b4117,TP,"1,056666667","0,5","0,8217979336",Glucose,Monk 2015
23519,b4119,TP,"1,076666667","0,5","0,8217979336",Glucose,Monk 2015
23520,b4120,TP,"0,956666667","0,5","0,8217979336",Glucose,Monk 2015
23521,b4122,TP,"0,996666667","0,5","0,8217979336",Glucose,Monk 2015
23522,b4123,TP,"1,02","0,5","0,8217979336",Glucose,Monk 2015
23523,b4129,TP,"0,98","0,5","0,8217979336",Glucose,Monk 2015
23524,b4130,TP,"1,04","0,5","0,8217979336",Glucose,Monk 2015
23525,b4131,TP,"1,003333333","0,5","0,8217979336",Glucose,Monk 2015
23526,b4132,TP,"1,02","0,5","0,8217979336",Glucose,Monk 2015
23527,b4136,TP,"0,99","0,5","0,8217979336",Glucose,Monk 2015
23528,b4138,TP,"1,035","0,5","0,8217979336",Glucose,Monk 2015
23529,b4139,TP,"1,036666667","0,5","0,8217979336",Glucose,Monk 2015
23530,b4141,TP,"0,95","0,5","0,8217979336",Glucose,Monk 2015
23531,b4146,TP,1,"0,5","0,8217979336",Glucose,Monk 2015
23532,b4151,TP,"1,006666667","0,5","0,8217979336",Glucose,Monk 2015
23533,b4152,TP,"1,06","0,5","0,8217979336",Glucose,Monk 2015
23534,b4153,TP,"1,046666667","0,5","0,8217979336",Glucose,Monk 2015
23535,b4154,TP,"1,043333333","0,5","0,8217979336",Glucose,Monk 2015
23536,b4159,TP,"1,026666667","0,5","0,8217979336",Glucose,Monk 2015
23537,b4160,TN,0,"0,5",0,Glucose,LB_essential
23538,b4161,TP,"0,846666667","0,5","0,8217979336",Glucose,Monk 2015
23539,b4167,TP,"1,03","0,5","0,8217979336",Glucose,Monk 2015
23540,b4169,TP,"1,073333333","0,5","0,8217979336",Glucose,Monk 2015
23541,b4173,TP,"0,803333333","0,5","0,8217979336",Glucose,Monk 2015
23542,b4177,TN,0,"0,5",0,Glucose,Monk 2015
23543,b4192,TP,"1,04","0,5","0,8217979336",Glucose,Monk 2015
23544,b4193,TP,"1,006666667","0,5","0,8217979336",Glucose,Monk 2015
23545,b4194,TP,"0,93","0,5","0,8217979336",Glucose,Monk 2015
23546,b4195,TP,"0,996666667","0,5","0,8217979336",Glucose,Monk 2015
23547,b4196,TP,"0,833333333","0,5","0,8217979336",Glucose,Monk 2015
23548,b4197,TP,"1,026666667","0,5","0,8217979336",Glucose,Monk 2015
23549,b4198,TP,"1,073333333","0,5","0,8217979336",Glucose,Monk 2015
23550,b4208,TP,"1,026666667","0,5","0,8216614912",Glucose,Monk 2015
23551,b4209,TP,"1,013333333","0,5","0,8217979336",Glucose,Monk 2015
23552,b4213,TP,"0,99","0,5","0,8217979336",Glucose,Monk 2015
23553,b4214,TN,"0,4","0,5",0,Glucose,Monk 2015
23554,b4219,TP,"1,073333333","0,5","0,8217979336",Glucose,Monk 2015
23555,b4226,FP,0,"0,5","0,8217979336",Glucose,LB_essential
23556,b4227,TP,"0,933333333","0,5","0,8217979336",Glucose,Monk 2015
23557,b4230,TP,"1,063333333","0,5","0,8217979336",Glucose,Monk 2015
23558,b4231,TP,"0,986666667","0,5","0,8217979336",Glucose,Monk 2015
23559,b4232,TP,"0,983333333","0,5","0,8217979336",Glucose,Monk 2015
23560,b4233,TP,"1,023333333","0,5","0,8217979336",Glucose,Monk 2015
23561,b4237,TP,"1,08","0,5","0,8217979336",Glucose,Monk 2015
23562,b4238,TP,"1,04","0,5","0,8216238517",Glucose,Monk 2015
23563,b4239,TP,"0,983333333","0,5","0,8217979336",Glucose,Monk 2015
23564,b4240,TP,"1,13","0,5","0,8217979336",Glucose,Monk 2015
23565,b4242,TP,"1,016666667","0,5","0,8217979336",Glucose,Monk 2015
23566,b4244,TP,"1,046666667","0,5","0,8217979336",Glucose,Monk 2015
23567,b4245,TN,"0,266666667","0,5",0,Glucose,Monk 2015
23568,b4260,TP,"0,746666667","0,5","0,8217979336",Glucose,Monk 2015
23569,b4261,TN,0,"0,5",0,Glucose,LB_essential
23570,b4262,TN,0,"0,5",0,Glucose,LB_essential
23571,b4265,TP,"1,083333333","0,5","0,8217979336",Glucose,Monk 2015
23572,b4266,TP,"0,97","0,5","0,8217979336",Glucose,Monk 2015
23573,b4267,TP,"1,083333333","0,5","0,8217979336",Glucose,Monk 2015
23574,b4268,TP,"0,996666667","0,5","0,8217979336",Glucose,Monk 2015
23575,b4269,TP,"0,943333333","0,5","0,8217979336",Glucose,Monk 2015
23576,b4287,TP,"1,06","0,5","0,8217979336",Glucose,Monk 2015
23577,b4288,TP,"0,963333333","0,5","0,8217979336",Glucose,Monk 2015
23578,b4289,TP,"1,06","0,5","0,8217979336",Glucose,Monk 2015
23579,b4290,TP,"0,983333333","0,5","0,8217979336",Glucose,Monk 2015
23580,b4291,TP,"1,03","0,5","0,8217979336",Glucose,Monk 2015
23581,b4297,TP,"1,093333333","0,5","0,8217979336",Glucose,Monk 2015
23582,b4298,TP,"1,013333333","0,5","0,8217979336",Glucose,Monk 2015
23583,b4311,TP,"0,98","0,5","0,8217979336",Glucose,Monk 2015
23584,b4321,TP,"1,01","0,5","0,8217979336",Glucose,Monk 2015
23585,b4322,TP,"0,996666667","0,5","0,8217979336",Glucose,Monk 2015
23586,b4323,TP,"1,073333333","0,5","0,8217979336",Glucose,Monk 2015
23587,b4337,TP,"1,043333333","0,5","0,8217979336",Glucose,Monk 2015
23588,b4352,TP,"0,97","0,5","0,8217979336",Glucose,Monk 2015
23589,b4356,TP,"0,97","0,5","0,8217979336",Glucose,Monk 2015
23590,b4358,TP,"1,023333333","0,5","0,8217979336",Glucose,Monk 2015
23591,b4367,TP,"0,963333333","0,5","0,8217979336",Glucose,Monk 2015
23592,b4374,TP,"1,04","0,5","0,8217979336",Glucose,Monk 2015
23593,b4381,TP,"0,976666667","0,5","0,8217979336",Glucose,Monk 2015
23594,b4382,TP,"1,006666667","0,5","0,8217979336",Glucose,Monk 2015
23595,b4383,TP,"1,063333333","0,5","0,8217935269",Glucose,Monk 2015
23596,b4384,TP,"1,04","0,5","0,8217935269",Glucose,Monk 2015
23597,b4386,TP,"1,023333333","0,5","0,8217979336",Glucose,Monk 2015
23598,b4388,FP,0,"0,5","0,7876193944",Glucose,Monk 2015
23599,b4390,TP,"1,073333333","0,5","0,8217979336",Glucose,Monk 2015
23600,b4392,TP,"1,066666667","0,5","0,8217979336",Glucose,Monk 2015
23601,b4394,TP,"1,01","0,5","0,8217979336",Glucose,Monk 2015
23602,b4407,TN,"0,316666667","0,5",0,Glucose,Monk 2015
23603,b4460,TP,"1,04","0,5","0,8217979336",Glucose,Monk 2015
23604,b4464,TP,"0,973333333","0,5","0,8217979336",Glucose,Monk 2015
23605,b4467,TP,"1,03","0,5","0,8217979341",Glucose,Monk 2015
23606,b4468,TP,"1,043333333","0,5","0,8217979341",Glucose,Monk 2015
23607,b4471,TP,"1,036666667","0,5","0,8217979336",Glucose,Monk 2015
23608,b4474,TP,"1,046666667","0,5","0,8217979336",Glucose,Monk 2015
23609,b4476,TP,"1,093333333","0,5","0,8217979336",Glucose,Monk 2015
23610,b4477,TP,"1,07","0,5","0,8217979336",Glucose,Monk 2015
23611,b4478,TP,"1,06","0,5","0,8217979336",Glucose,Monk 2015
23612,b4481,TP,"0,996666667","0,5","0,8217979336",Glucose,Monk 2015
23613,b4485,TP,"0,976666667","0,5","0,8217979336",Glucose,Monk 2015
23614,b4513,TP,"0,976666667","0,5","0,8217979336",Glucose,Monk 2015
23615,b4515,TP,"1,07","0,5","0,8217979336",Glucose,Monk 2015
23616,b4544,TP,"1,056666667","0,5","0,8217979336",Glucose,Monk 2015